market,order_region,category_name,orders,sales,profit,avg_discount_rate,loss_orders,late_rate,profit_margin,loss_order_rate
LATAM,Central America,Fishing,2483,1128743.5910419999,134268.201458806,0.09931963193125443,494,0.553508150248051,0.11895367780990569,0.19895287958115182
Europe,Western Europe,Fishing,2302,1042347.908666,114511.501072448,0.10122793602302378,500,0.5798158096699924,0.10985919396048884,0.21720243266724587
LATAM,Central America,Cleats,3358,729718.38019662,79509.229627708,0.10163073156332095,760,0.5472118959107807,0.10895878709576223,0.22632519356759975
LATAM,Central America,Camping & Hiking,2085,696853.565553,67826.039616794,0.102910030650452,461,0.5544554455445545,0.09733183981482466,0.2211031175059952
Europe,Western Europe,Cleats,3086,664030.24801268,82271.03007337199,0.09890514953604336,684,0.5615176151761517,0.12389650971411921,0.22164614387556708
LATAM,Central America,Cardio Equipment,1857,607819.61954084,62599.329750443,0.1012303926127451,392,0.553921568627451,0.10298997883242379,0.21109316101238557
Europe,Western Europe,Camping & Hiking,1770,593960.42178,60547.969702352,0.10074747530656565,388,0.5388888888888889,0.10193940114881707,0.2192090395480226
LATAM,South America,Fishing,1251,573971.315785,59137.110906019996,0.10355400754285715,265,0.5519163763066202,0.10303147436059638,0.21183053557154277
Europe,Western Europe,Cardio Equipment,1728,562804.07955368,49795.159728163,0.10049895000945379,358,0.5388655462184874,0.08847689904389465,0.20717592592592593
LATAM,Central America,Women's Apparel,2870,517100.0,55246.140004484,0.10341069385282022,617,0.5425969447708578,0.10683840650644749,0.21498257839721255
LATAM,Central America,Water Sports,2258,514174.30414049997,53984.939998822,0.10081291379035394,474,0.5340334500194477,0.10499346148591358,0.20992028343666963
LATAM,Central America,Indoor/Outdoor Games,2789,487504.91554774,53710.100076614,0.1010033966295153,611,0.5551096017289286,0.11017345336152681,0.2190749372534959
Europe,Western Europe,Women's Apparel,2698,475500.0,57116.6898513,0.10184202268025276,585,0.5592417061611374,0.12011922155899053,0.2168272794662713
Europe,Western Europe,Water Sports,2078,475376.4226073,42556.850120572,0.10273844901186943,480,0.5548961424332344,0.089522424959909,0.23099133782483156
LATAM,Central America,Men's Footwear,3044,470563.81990999996,46277.800151088,0.10104972426298343,690,0.5370165745856353,0.09834542774652563,0.2266754270696452
Europe,Western Europe,Men's Footwear,2739,421427.597831,45151.300063705,0.10220542924090067,602,0.5586057988895743,0.1071389256329897,0.21978824388462942
Europe,Western Europe,Indoor/Outdoor Games,2379,407486.9363648,51056.11998698,0.101666667146973,493,0.5547045951859956,0.12529510870324526,0.20722992854140396
Europe,Northern Europe,Fishing,798,367581.630109,42153.810558032,0.10224156736561481,170,0.5397170837867247,0.11467877365235038,0.21303258145363407
LATAM,South America,Camping & Hiking,1099,364775.693376,40373.120000065,0.09965460571299342,229,0.5567434210526315,0.11067930438679088,0.2083712465878071
Europe,Southern Europe,Fishing,805,364381.79002099996,37230.710134213,0.10300768446432491,178,0.544456641053787,0.10217500202759124,0.22111801242236026
LATAM,South America,Cleats,1699,364379.27009370003,41898.660089445,0.10293255191691104,386,0.5439882697947214,0.11498639886585967,0.2271924661565627
Pacific Asia,Oceania,Fishing,784,358382.089856,38539.060531342,0.10284598267299107,154,0.5345982142857143,0.10753623471202822,0.19642857142857142
Pacific Asia,Southeast Asia,Fishing,722,332383.389141,38905.780064634,0.09580024103610109,152,0.5415162454873647,0.11705091570665048,0.21052631578947367
LATAM,Caribbean,Fishing,721,330783.46909699996,29860.440333758,0.10661426893833133,150,0.5066505441354293,0.09027186399390966,0.20804438280166435
USCA,West of USA,Fishing,710,325583.728954,34777.95050553,0.10137592183169533,162,0.5319410319410319,0.10681722522578392,0.22816901408450704
LATAM,South America,Cardio Equipment,976,321148.19975766,42962.109842879996,0.10263837698431734,176,0.5202952029520295,0.13377658624678393,0.18032786885245902
Europe,Western Europe,Computers,203,304500.0,21728.12002236,0.10945812862561577,40,0.5369458128078818,0.07135671600118226,0.19704433497536947
LATAM,South America,Women's Apparel,1596,283600.0,32639.409933806,0.09915873055449737,358,0.5333333333333333,0.11508959779198166,0.22431077694235588
USCA,East of USA,Fishing,621,282385.887766,37550.970222990996,0.10186968893767705,122,0.5594900849858357,0.13297750294840419,0.1964573268921095
LATAM,South America,Water Sports,1224,277586.127634,30304.83997604,0.10089337223487033,244,0.5410662824207493,0.10917274661505141,0.19934640522875818
Pacific Asia,South Asia,Fishing,578,265586.727304,27587.100104458,0.10450301258283132,126,0.5406626506024096,0.10387228452452305,0.2179930795847751
LATAM,South America,Indoor/Outdoor Games,1423,251199.47762592,27757.510123842,0.1041701373265913,321,0.5574063057703748,0.11049987199884942,0.22557976106816585
Pacific Asia,Eastern Asia,Fishing,550,249987.506875,16098.720435543,0.1065280006368,126,0.5328,0.06439809987621807,0.2290909090909091
LATAM,South America,Men's Footwear,1612,245421.130384,28154.219956689,0.10160487339036017,335,0.5296610169491526,0.11471799478976115,0.20781637717121587
Europe,Northern Europe,Cleats,1075,238940.37655276002,26393.400014401,0.10324345198844377,244,0.5362095531587057,0.1104601926019528,0.22697674418604652
USCA,US Center,Fishing,513,237988.106545,30589.960102614,0.10292437020672268,108,0.5361344537815126,0.12853566737726826,0.21052631578947367
Pacific Asia,West Asia,Fishing,511,237188.146523,25436.580047508,0.096458684920742,111,0.5682967959527825,0.10724220590442292,0.2172211350293542
Europe,Northern Europe,Camping & Hiking,705,236984.20869,21611.489887845,0.10192405108607595,154,0.529113924050633,0.09119379728847282,0.21843971631205675
LATAM,Central America,Shop By Sport,1725,223655.583544,22989.369962328,0.10084369976636019,363,0.5386695511087074,0.10278916179083576,0.21043478260869566
Pacific Asia,Oceania,Cleats,1030,221843.02634472,21946.030010166,0.10181229819093851,244,0.5614886731391586,0.09892594043530693,0.23689320388349513
Europe,Southern Europe,Cleats,1036,221723.36603322,27793.909966,0.10663469275379696,225,0.5371702637889688,0.12535399612251846,0.2171814671814672
USCA,West of USA,Cleats,1003,218723.54602088,19337.740053184,0.10010690849342106,221,0.5485197368421053,0.08841178924256267,0.22033898305084745
LATAM,Caribbean,Cleats,1000,218543.57612336,28157.289980586,0.09999166016346955,219,0.5170975813177648,0.128840620621547,0.219
Europe,Southern Europe,Camping & Hiking,625,211485.907755,26432.509888899,0.10533333374042553,111,0.5460992907801419,0.1249847338269,0.1776
Pacific Asia,Oceania,Camping & Hiking,634,209686.02768899998,21571.129867633,0.10353362006866952,148,0.5507868383404864,0.10287347280776692,0.2334384858044164
Europe,Northern Europe,Cardio Equipment,620,204769.58968974,19716.259970994,0.1021098270534682,127,0.5375722543352601,0.0962850978061118,0.20483870967741935
Pacific Asia,Southeast Asia,Cleats,947,203966.00566916002,25144.259987929,0.1003950838498683,197,0.5504828797190519,0.12327671910540752,0.20802534318901794
Europe,Western Europe,Shop By Sport,1542,202710.88323708,17389.990076322,0.10051540330746446,349,0.5616113744075829,0.08578715557163046,0.22632944228274968
LATAM,Caribbean,Camping & Hiking,591,198286.78727099998,15556.029817827,0.10127080234341906,128,0.5446293494704992,0.0784521754168444,0.21658206429780033
Pacific Asia,Oceania,Cardio Equipment,604,195310.58994084,15465.509927281,0.1068222897936747,133,0.536144578313253,0.07918418520964755,0.22019867549668873
LATAM,Caribbean,Cardio Equipment,585,185151.62965186,22909.269793675998,0.10248818950236221,118,0.5606299212598426,0.12373247719586493,0.20170940170940171
Europe,Southern Europe,Cardio Equipment,581,184671.62968262,19160.789978152,0.1037837844928458,116,0.5405405405405406,0.1037560019970695,0.19965576592082615
USCA,West of USA,Camping & Hiking,546,184187.726754,20162.709957639,0.10381107530456027,97,0.501628664495114,0.10946825998112344,0.17765567765567766
Pacific Asia,Southeast Asia,Camping & Hiking,546,183587.766732,22156.419894532,0.10452614427287582,106,0.5669934640522876,0.12068570955969943,0.19413919413919414
Europe,Northern Europe,Women's Apparel,989,173700.0,17794.049969783,0.1007149013453919,221,0.5254091300602929,0.10244127789166954,0.22345803842264914
Pacific Asia,South Asia,Cleats,773,170971.50478328002,19077.830117376,0.10039153492698412,181,0.5513227513227513,0.11158485235044675,0.23415265200517466
USCA,East of USA,Camping & Hiking,512,170388.646248,16882.799906977998,0.10170774691549296,111,0.5422535211267606,0.09908406621416048,0.216796875
USCA,East of USA,Cleats,784,170011.66471840002,16912.339986307,0.10404530800647249,177,0.5544768069039914,0.09947752711156538,0.22576530612244897
USCA,West of USA,Cardio Equipment,512,166953.47993322,14407.599852513,0.1031372552798574,120,0.5187165775401069,0.08629709220961385,0.234375
Europe,Southern Europe,Water Sports,737,166941.72441629999,17202.799964868,0.10004830977536232,185,0.5410628019323671,0.10304673696774358,0.2510176390773406
Europe,Northern Europe,Water Sports,726,162841.9143424,21005.420060019,0.10088998803337454,131,0.5389369592088998,0.1289927113964768,0.18044077134986225
Europe,Southern Europe,Women's Apparel,935,162000.0,20298.24993955,0.10110707849818512,202,0.52994555353902,0.1252978391330247,0.2160427807486631
Pacific Asia,South Asia,Camping & Hiking,482,161689.225929,17956.149875066,0.10040816365306122,95,0.5807050092764379,0.1110534716948351,0.1970954356846473
Pacific Asia,West Asia,Cleats,716,160233.29455594,13263.63995466,0.1033448678177624,164,0.5594002306805075,0.08277705324238623,0.22905027932960895
Pacific Asia,Southeast Asia,Cardio Equipment,488,159534.1798384,13124.7699081,0.09739622679433962,103,0.5641509433962264,0.08226932887607359,0.21106557377049182
Europe,Northern Europe,Men's Footwear,1032,158717.7967155,20507.06000656,0.10149058200900901,222,0.5462735462735463,0.12920454058040318,0.21511627906976744
USCA,US Center,Cleats,691,156393.93449096,17444.509976435,0.10154299209776207,167,0.5594817432273262,0.1115421134023797,0.24167872648335745
Europe,Northern Europe,Indoor/Outdoor Games,884,154638.11841146,16167.490019568999,0.10137896885912698,187,0.5565476190476191,0.10455048331971202,0.21153846153846154
USCA,South of  USA,Fishing,328,153592.32422399998,18902.370130507,0.1002864588984375,62,0.5416666666666666,0.12306845557555121,0.18902439024390244
Pacific Asia,Oceania,Women's Apparel,865,153050.0,14295.290054671,0.09980372950147202,192,0.5240431795878312,0.09340274455845149,0.22196531791907514
Pacific Asia,Oceania,Water Sports,668,152792.364202,15973.339972069,0.10575916290837696,139,0.5405759162303665,0.1045427895267813,0.20808383233532934
Europe,Southern Europe,Men's Footwear,987,152218.29644049998,16971.379962356,0.09947907818104185,217,0.5533731853116994,0.11149369267176024,0.2198581560283688
Europe,Eastern Europe,Fishing,339,151592.424169,13762.590115661,0.10572559447229551,81,0.5963060686015831,0.09078679354265112,0.23893805309734514
Africa,West Africa,Fishing,331,149992.504125,20400.670263048,0.099093333608,67,0.5493333333333333,0.13601126524327237,0.20241691842900303
Europe,Southern Europe,Indoor/Outdoor Games,851,148840.43869548,18403.290024977,0.1027226207430911,165,0.5649948822927329,0.12364442208228907,0.19388954171562867
LATAM,Caribbean,Water Sports,670,148792.564092,16243.020031525,0.10623655958467743,139,0.5443548387096774,0.10916553613177721,0.20746268656716418
USCA,East of USA,Cardio Equipment,445,148525.2597342,15636.48001523,0.09513131340606061,95,0.494949494949495,0.10527825396981605,0.21348314606741572
Pacific Asia,Oceania,Men's Footwear,955,148448.586281,16505.120089476,0.10403677819264448,235,0.5183887915936952,0.11118408401837707,0.24607329842931938
Pacific Asia,Oceania,Indoor/Outdoor Games,857,147291.05872062,14916.020041055,0.10064192630290873,192,0.5346038114343029,0.10126901232577558,0.22403733955659277
USCA,West of USA,Water Sports,644,145392.73399849999,16177.36000277,0.10111416817056396,136,0.5433287482806052,0.11126663319321653,0.2111801242236025
Pacific Asia,Eastern Asia,Cleats,681,145055.82410572,15053.010021268,0.10248462540713407,146,0.5584255842558425,0.10377390990034997,0.2143906020558003
LATAM,Caribbean,Women's Apparel,832,144700.0,14606.919978731,0.09991886460141988,197,0.5324543610547667,0.1009462334397443,0.23677884615384615
Europe,Western Europe,Cameras,320,144652.80272,14613.289954363,0.10915625055,60,0.60625,0.10102320646112538,0.1875
USCA,West of USA,Women's Apparel,818,143050.0,19131.179963112,0.10146569690436591,163,0.5509355509355509,0.13373771382811606,0.19926650366748166
LATAM,Caribbean,Indoor/Outdoor Games,821,142742.87865600002,14401.960119572,0.09888192308986417,185,0.5339602925809822,0.10089442118005536,0.22533495736906212
Pacific Asia,Southeast Asia,Women's Apparel,811,141500.0,12655.089989304,0.10428571488253968,199,0.5671957671957671,0.08943526494207774,0.24537607891491986
Pacific Asia,West Asia,Camping & Hiking,426,139790.685126,13546.689991439,0.09572961417167382,95,0.5407725321888412,0.09690695756465263,0.22300469483568075
USCA,US Center,Camping & Hiking,419,139490.705115,16021.849946677,0.10040860289892473,86,0.5548387096774193,0.11485962404067099,0.2052505966587112
Pacific Asia,Southeast Asia,Indoor/Outdoor Games,780,137295.0586901,14359.959964521,0.10415570227741228,165,0.5241228070175439,0.10459196493687402,0.21153846153846154
LATAM,Caribbean,Men's Footwear,884,137269.445808,14662.599909545,0.10453598530208334,190,0.5179924242424242,0.1068161951353232,0.2149321266968326
Pacific Asia,South Asia,Cardio Equipment,438,137136.3897386,12998.529998228,0.09759574505957447,90,0.5553191489361702,0.09478541780926936,0.2054794520547945
Pacific Asia,Southeast Asia,Water Sports,603,136393.183751,8706.469931598,0.09775659866568916,142,0.5381231671554252,0.06383361464376819,0.23548922056384744
USCA,West of USA,Men's Footwear,891,134799.63570349998,11501.950070442,0.10159112878881389,231,0.5477338476374156,0.08532626969216178,0.25925925925925924
Pacific Asia,Eastern Asia,Camping & Hiking,395,132891.14487299998,15009.380049092,0.09595936832505643,82,0.5530474040632054,0.11294492242832288,0.20759493670886076
USCA,East of USA,Water Sports,573,130193.4935805,13466.850081682,0.10274961650537635,126,0.5606758832565284,0.1034371972924692,0.2198952879581152
USCA,East of USA,Women's Apparel,732,127600.0,15472.399981127,0.10548611167361112,152,0.5451388888888888,0.12125705314362853,0.20765027322404372
Africa,North Africa,Fishing,278,127593.623509,10606.640021226,0.09598746137931034,70,0.4952978056426332,0.08312829222596571,0.2517985611510791
Pacific Asia,Eastern Asia,Cardio Equipment,401,127367.36984902,13662.28000802,0.10179723555990784,79,0.5576036866359447,0.10726672007292863,0.1970074812967581
USCA,West of USA,Indoor/Outdoor Games,743,126499.3788432,13696.529986301,0.09804545506818181,174,0.5454545454545454,0.10827349597722756,0.23418573351278602
Pacific Asia,Southeast Asia,Men's Footwear,802,123100.53520849999,12152.330037677999,0.10047518516684266,176,0.5681098204857444,0.0987187425066442,0.2194513715710723
Pacific Asia,West Asia,Cardio Equipment,393,122627.84989768,12108.130063047,0.1034660427470726,89,0.5714285714285714,0.09873882705396822,0.22646310432569974
Pacific Asia,South Asia,Water Sports,523,116794.163212,11009.709979772,0.10532534297089041,115,0.6095890410958904,0.09426592628424096,0.2198852772466539
USCA,East of USA,Men's Footwear,748,116471.04492799999,12649.350011236,0.1009821433671875,177,0.5703125,0.10860510454813528,0.23663101604278075
LATAM,South America,Shop By Sport,874,115662.35187242,12087.970004273,0.10162276123709167,195,0.547945205479452,0.1045108439227182,0.2231121281464531
Pacific Asia,South Asia,Women's Apparel,652,114350.0,11759.969995586,0.09879629685978836,145,0.5846560846560847,0.10284188889887189,0.2223926380368098
Pacific Asia,South Asia,Men's Footwear,738,113741.2548125,12374.310040824,0.0974514289062857,166,0.5497142857142857,0.10879350734456714,0.22493224932249323
USCA,US Center,Women's Apparel,638,113300.0,15701.95989934,0.10163636420909092,121,0.5714285714285714,0.13858746601359223,0.1896551724137931
Europe,Western Europe,Children's Clothing,317,113200.7019337,14722.599758678,0.09968454311356467,56,0.5299684542586751,0.1300574952909816,0.17665615141955837
USCA,US Center,Cardio Equipment,338,112298.81999858,11593.740016251,0.10417553263031915,75,0.5664893617021277,0.10324008761977731,0.22189349112426035
USCA,East of USA,Indoor/Outdoor Games,649,111805.2589588,15159.530049248,0.09933070912992126,123,0.5616797900262467,0.1355887029860935,0.18952234206471494
Pacific Asia,West Asia,Women's Apparel,638,111150.0,12041.459994449,0.10573170789430894,143,0.5433604336043361,0.10833522262212326,0.22413793103448276
Europe,Northern Europe,Computers,74,111000.0,14409.70009935,0.08054054072972973,12,0.4594594594594595,0.12981711801216217,0.16216216216216217
Europe,Southern Europe,Computers,73,109500.0,16071.97009836,0.10383561717808219,10,0.4657534246575342,0.14677598263342465,0.136986301369863
Pacific Asia,Eastern Asia,Water Sports,474,106794.662937,11853.970025213,0.098689139,89,0.5543071161048689,0.11099777553683428,0.1877637130801688
Pacific Asia,West Asia,Water Sports,469,106594.6729315,12211.630023875,0.11125703638461538,95,0.5647279549718575,0.11456135365903747,0.2025586353944563
Pacific Asia,Eastern Asia,Indoor/Outdoor Games,594,106257.47892582,11339.100125206,0.09912356371408046,135,0.4942528735632184,0.10671343080821635,0.22727272727272727
Pacific Asia,South Asia,Indoor/Outdoor Games,621,104408.21911482,11111.100076803,0.10132312028690807,139,0.5292479108635098,0.10641978352857337,0.22383252818035426
Pacific Asia,West Asia,Men's Footwear,685,104381.9744165,12554.230037834,0.10277708629265256,138,0.5367372353673724,0.12027201159982573,0.20145985401459854
Pacific Asia,Eastern Asia,Men's Footwear,676,104381.9744165,8847.569982191,0.10291407284682441,158,0.5417185554171855,0.08476147372809645,0.23372781065088757
Europe,Eastern Europe,Cleats,462,104322.61305300001,11137.199925806999,0.09934629016784452,112,0.5512367491166078,0.10675729451052823,0.24242424242424243
USCA,South of  USA,Cleats,481,103842.69282522,12324.110041088,0.10049488094027303,98,0.5819112627986348,0.11868057063804181,0.20374220374220375
USCA,US Center,Men's Footwear,679,103212.064367,11463.309960708,0.10488665035768263,148,0.5465994962216625,0.11106560101294868,0.21796759941089838
Pacific Asia,Eastern Asia,Women's Apparel,597,101450.0,10882.039998876,0.10279883422886296,126,0.5335276967930029,0.10726505666708723,0.21105527638190955
Pacific Asia,West Asia,Indoor/Outdoor Games,570,99860.03925842,6976.2099219599995,0.10025757642575757,125,0.5545454545454546,0.06985987561958402,0.21929824561403508
USCA,US Center,Indoor/Outdoor Games,572,99160.31910142,10781.910038338001,0.1044769235723077,124,0.5184615384615384,0.10873210308359729,0.21678321678321677
USCA,South of  USA,Camping & Hiking,293,97793.483586,15149.619930355,0.10030674895092025,50,0.5368098159509203,0.15491441121465277,0.17064846416382254
USCA,US Center,Water Sports,428,97595.122684,9861.509925488,0.10264344320901639,94,0.5717213114754098,0.10104511018873612,0.21962616822429906
Europe,Eastern Europe,Camping & Hiking,279,95393.64349799999,7880.959949089,0.09578616405660377,63,0.5440251572327044,0.08261514771950429,0.22580645161290322
Africa,West Africa,Cleats,422,93404.43270182,9765.040001575,0.09820866213582677,99,0.5236220472440944,0.10454578780804187,0.23459715639810427
Africa,North Africa,Cleats,395,88065.32247502,9195.470019046,0.09842323695020747,87,0.5560165975103735,0.10441646905516441,0.22025316455696203
Africa,West Africa,Camping & Hiking,260,86994.20319,8196.919922006,0.10706896620344827,55,0.5172413793103449,0.09422374849624736,0.21153846153846154
Europe,Eastern Europe,Cardio Equipment,256,84821.61003046,10049.849950857999,0.0977972030944056,48,0.5664335664335665,0.11848218805619266,0.1875
USCA,South of  USA,Cardio Equipment,261,82221.83985772,8025.920011623,0.10530822003767124,57,0.6164383561643836,0.09761299461932958,0.21839080459770116
Pacific Asia,Eastern Asia,Garden,153,81484.74261629999,6889.090077406,0.10444444496732026,30,0.5620915032679739,0.08454453994959205,0.19607843137254902
Africa,East Africa,Fishing,167,79196.042178,5040.909977331,0.10297979865151516,38,0.5404040404040404,0.06365103405042787,0.2275449101796407
Africa,West Africa,Cardio Equipment,237,77772.26995022,10302.349899069,0.10173584962641509,47,0.5283018867924528,0.1324681651398791,0.19831223628691982
USCA,South of  USA,Women's Apparel,436,76550.0,9362.019965012,0.09822485246548324,95,0.5641025641025641,0.12229941169186152,0.21788990825688073
Europe,Eastern Europe,Indoor/Outdoor Games,409,73320.65921678,7453.439957907,0.10194092865189873,102,0.5337552742616034,0.10165538659261293,0.24938875305623473
Europe,Eastern Europe,Women's Apparel,412,72600.0,8504.440003785,0.09456611594008264,97,0.5475206611570248,0.1171410468840909,0.2354368932038835
USCA,South of  USA,Water Sports,328,72396.381991,5809.579867503,0.09867403374861879,79,0.5441988950276243,0.08024682598400043,0.24085365853658536
Africa,West Africa,Women's Apparel,408,71150.0,4563.829989867,0.10216942211157025,94,0.5413223140495868,0.06414378060248771,0.23039215686274508
USCA,South of  USA,Men's Footwear,461,70194.60296999999,7571.80997832,0.09720370414074074,97,0.5314814814814814,0.10786883404064648,0.210412147505423
Africa,North Africa,Camping & Hiking,206,69895.342563,3613.839960614,0.10188841236909872,53,0.48497854077253216,0.05170358750809003,0.25728155339805825
Africa,North Africa,Cardio Equipment,214,68433.20995254,7471.379906853,0.10588983113559322,41,0.5296610169491526,0.10917769182586311,0.19158878504672897
Africa,Central Africa,Fishing,147,67196.641848,4459.010009943,0.10261904828571429,34,0.5714285714285714,0.06635763168090096,0.23129251700680273
Africa,West Africa,Water Sports,301,67196.641848,8724.209974277,0.09955357192261906,55,0.49404761904761907,0.12983104117035074,0.18272425249169436
Pacific Asia,Southeast Asia,Garden,126,67105.0821546,12610.030031696,0.0934920637063492,16,0.5158730158730159,0.18791467988436988,0.12698412698412698
Europe,Southern Europe,Shop By Sport,513,65923.87117334,8063.410028605,0.10333333380874317,84,0.5701275045537341,0.12231396435144255,0.16374269005847952
Europe,Eastern Europe,Men's Footwear,420,65514.962772,6536.029977268,0.10527777834722223,96,0.5714285714285714,0.09976392721177565,0.22857142857142856
USCA,South of  USA,Indoor/Outdoor Games,389,65273.87949544,4565.409987906,0.10772626976379691,88,0.5695364238410596,0.06994237240372603,0.2262210796915167
Europe,Northern Europe,Shop By Sport,500,64744.3710399,8136.620019983,0.10554104537686566,95,0.5597014925373134,0.12567301047636475,0.19
LATAM,Caribbean,Shop By Sport,501,64434.3910939,5650.570046967,0.09923933263450835,118,0.549165120593692,0.08769493978351477,0.23552894211576847
Europe,Eastern Europe,Water Sports,290,64396.781771,9337.770046391,0.10177018663354039,49,0.5683229813664596,0.14500367548795903,0.16896551724137931
Pacific Asia,Oceania,Shop By Sport,499,63944.40110368,5400.680038463,0.10152854569429097,115,0.5524861878453039,0.08445899789891363,0.23046092184368738
Africa,West Africa,Indoor/Outdoor Games,362,63424.61935352,6549.859992811,0.1018689324854369,85,0.5364077669902912,0.10326999293922431,0.23480662983425415
Pacific Asia,Oceania,Garden,119,63377.022034899994,7537.68000231,0.10882353019327731,20,0.5798319327731093,0.1189339568236451,0.16806722689075632
Europe,Northern Europe,Cameras,137,61929.4811645,8324.279943002999,0.08416058412408758,26,0.5255474452554745,0.13441546395151696,0.1897810218978102
Africa,North Africa,Water Sports,273,61396.9316885,7588.570019484,0.0912377855276873,55,0.5244299674267101,0.12359852212134867,0.20146520146520147
USCA,West of USA,Shop By Sport,452,60285.36094652,7050.370061117,0.1012500003608871,85,0.5423387096774194,0.11694995186926861,0.18805309734513273
Africa,West Africa,Men's Footwear,388,59535.422519,7812.969963293,0.10366812290829694,76,0.5349344978165939,0.1312322921836926,0.1958762886597938
LATAM,Central America,Electronics,479,58194.420574380005,6391.819973097,0.1026113366417004,85,0.562753036437247,0.10983561499555489,0.17745302713987474
Europe,Western Europe,Crafts,125,57685.001375,9196.040064807,0.10272000046400001,21,0.584,0.15941821696466937,0.168
Africa,North Africa,Indoor/Outdoor Games,325,56527.37948566,6603.190020167,0.09741333351733335,69,0.5866666666666667,0.11681401261210264,0.2123076923076923
USCA,East of USA,Shop By Sport,444,56336.31083706,6318.970003796,0.09972457694067796,95,0.5932203389830508,0.11216513665710535,0.21396396396396397
Pacific Asia,Southeast Asia,Shop By Sport,440,56006.34095088,3350.630003286,0.10188911761601643,88,0.5708418891170431,0.05982590446722181,0.2
Africa,North Africa,Men's Footwear,349,55765.7123595,6639.940015754,0.09981352027972029,81,0.5874125874125874,0.1190685052662624,0.23209169054441262
Africa,North Africa,Women's Apparel,320,54700.0,7228.810036064,0.10048517571428572,67,0.5283018867924528,0.13215374837411334,0.209375
Europe,Southern Europe,Cameras,118,53340.721003,5639.5700560899995,0.10152542449152543,19,0.559322033898305,0.10572729333322693,0.16101694915254236
Pacific Asia,South Asia,Shop By Sport,402,53196.93087088,5696.340046396,0.10381696484151785,78,0.5825892857142857,0.1070802385239517,0.19402985074626866
Pacific Asia,Southeast Asia,Computers,35,52500.0,8014.6400147,0.08514285751428571,3,0.5714285714285714,0.15265980980380953,0.08571428571428572
Africa,East Africa,Cardio Equipment,129,50005.05007204,5823.139951109,0.09466216256081081,25,0.5743243243243243,0.11645103729963009,0.1937984496124031
Africa,Southern Africa,Fishing,110,49997.501375,7727.230129656,0.109680000536,21,0.552,0.154552325959229,0.19090909090909092
Africa,East Africa,Cleats,224,49971.67137204,4795.179967891,0.10713261700716846,59,0.5734767025089605,0.09595796650848035,0.26339285714285715
Pacific Asia,Eastern Asia,Computers,32,48000.0,11117.84990705,0.11875000050000001,1,0.46875,0.23162187306354168,0.03125
Pacific Asia,Southeast Asia,Women's Clothing,221,47696.2216133,8145.149947159,0.10782805478733032,26,0.6153846153846154,0.17077138757858631,0.11764705882352941
Europe,Western Europe,Kids' Golf Clubs,159,47228.64953357,3522.289965812,0.09861445804216867,40,0.5421686746987951,0.07457951901225474,0.25157232704402516
Pacific Asia,South Asia,Garden,86,45801.8814706,6406.209994729,0.09593023302325582,16,0.5813953488372093,0.13986783488012636,0.18604651162790697
Pacific Asia,Eastern Asia,Shop By Sport,354,45318.99073618,4796.190003583,0.09959390914720812,93,0.5126903553299492,0.10583179205167087,0.2627118644067797
Africa,East Africa,Camping & Hiking,130,42897.141573,5853.580024791,0.1062937067062937,23,0.5524475524475524,0.13645617890016515,0.17692307692307693
Pacific Asia,West Asia,Shop By Sport,343,42549.66075014,5409.890006709,0.09893048188235293,69,0.5347593582887701,0.1271429645109732,0.20116618075801748
USCA,US Center,Shop By Sport,336,41329.9208213,3857.090023244,0.10220055756545961,73,0.584958217270195,0.09332439904545353,0.21726190476190477
Africa,Central Africa,Cleats,207,41273.12118632,5003.840031047,0.1115352704813278,57,0.5684647302904564,0.12123725774113554,0.2753623188405797
Europe,Western Europe,Consumer Electronics,155,39196.4007595,5474.389978642,0.10335483943225808,23,0.6064516129032258,0.13966562930692497,0.14838709677419354
Europe,Western Europe,Electronics,317,38433.220305430004,5151.240029421,0.10526315857585139,47,0.56656346749226,0.13403092398929714,0.14826498422712933
Pacific Asia,Oceania,Women's Clothing,178,38415.9612994,4653.359961013,0.0984269669494382,36,0.5,0.12113089985556809,0.20224719101123595
Africa,Central Africa,Camping & Hiking,111,38097.461397,3546.439962851,0.1070866147007874,22,0.5590551181102362,0.09308861621762195,0.1981981981981982
Europe,Southern Europe,Children's Clothing,105,37495.500640499995,2646.379945281,0.0931428576095238,24,0.4380952380952381,0.0705786001006896,0.22857142857142856
Europe,Northern Europe,Children's Clothing,100,35710.000609999996,3562.429975583,0.11690000045,24,0.64,0.09976000881348068,0.24
Pacific Asia,Southeast Asia,Sporting Goods,108,35397.0,4527.16005114,0.11379629672222222,19,0.5555555555555556,0.127896715855581,0.17592592592592593
Africa,East Africa,Water Sports,155,35198.240968,5132.240020579,0.09204545493750001,29,0.5511363636363636,0.14580955978012952,0.1870967741935484
Africa,Central Africa,Cardio Equipment,109,34596.57002244,6275.319952165,0.10026087015652174,16,0.5739130434782609,0.1813856098478753,0.14678899082568808
Pacific Asia,Southeast Asia,Health and Beauty,116,33992.640986,4685.97002076,0.10853448346551724,21,0.6206896551724138,0.1378524846801381,0.1810344827586207
Pacific Asia,Southeast Asia,Crafts,72,33226.560792,4573.0299952,0.09902777805555556,12,0.625,0.13763175863512947,0.16666666666666666
Africa,Central Africa,Women's Apparel,172,32650.0,2994.880011785,0.1066822434813084,49,0.5747663551401869,0.09172679974839204,0.28488372093023256
Pacific Asia,Oceania,Music,125,32581.249237500004,4572.979957013,0.10792000040800001,19,0.608,0.1403561884223163,0.152
Africa,East Africa,Indoor/Outdoor Games,179,32337.05965802,4979.870008581,0.09407583007109005,32,0.5639810426540285,0.15399885027412902,0.1787709497206704
Africa,East Africa,Men's Footwear,208,32107.5313585,4488.78997107,0.10348178207287449,36,0.5910931174089069,0.13980489253284367,0.17307692307692307
LATAM,South America,Electronics,251,31124.24032211,4112.3500180149995,0.09767441912790698,45,0.5968992248062015,0.1321269202221676,0.17928286852589642
Pacific Asia,South Asia,Women's Clothing,141,30430.621029299997,3082.979967941,0.09687943310638299,26,0.5531914893617021,0.10131176636101397,0.18439716312056736
Africa,East Africa,Women's Apparel,179,29650.0,3242.739999052,0.10253588576555024,41,0.5358851674641149,0.10936728495959527,0.22905027932960895
Pacific Asia,South Asia,Crafts,64,29534.720704,3955.4399764600003,0.105468750546875,9,0.578125,0.1339250848552734,0.140625
USCA,South of  USA,Shop By Sport,233,29422.8605502,2450.329994972,0.09836653440239045,52,0.5219123505976095,0.08327980179871886,0.22317596566523606
Africa,Central Africa,Water Sports,129,29398.5308085,2451.86997879,0.10217687088435373,31,0.6190476190476191,0.08340110581584202,0.24031007751937986
Pacific Asia,Oceania,Sporting Goods,89,29169.75,2612.580039817,0.10000000043820224,13,0.5168539325842697,0.08956470452496164,0.14606741573033707
Pacific Asia,Eastern Asia,Crafts,63,29073.240693,2044.539971597,0.09857142934920635,14,0.6031746031746031,0.07032377274987671,0.2222222222222222
Pacific Asia,Southeast Asia,Music,111,28932.149322900004,2824.789995457,0.09414414454054053,24,0.5765765765765766,0.09763498604720522,0.21621621621621623
Europe,Eastern Europe,Shop By Sport,227,28323.03037256,1952.3999879869998,0.10092050233891213,52,0.5564853556485355,0.06893330135600637,0.2290748898678414
Europe,Northern Europe,Crafts,61,28150.280671,2649.500043812,0.0906557381147541,14,0.5573770491803278,0.09411984465723199,0.22950819672131148
Europe,Western Europe,Strength Training,57,28091.7097144,2546.7700095669998,0.10684210577192983,9,0.6140350877192983,0.09065913166052361,0.15789473684210525
USCA,Canada,Fishing,60,27598.620758999998,6567.470044365,0.10985507289855072,4,0.4927536231884058,0.23796370484287072,0.06666666666666667
Africa,Central Africa,Indoor/Outdoor Games,165,27538.97975112,2941.52000736,0.10343750049479167,46,0.5729166666666666,0.10681296235167786,0.2787878787878788
Africa,Southern Africa,Camping & Hiking,80,27298.181001,3879.2200141069998,0.11010989082417583,15,0.6043956043956044,0.1421054396981577,0.1875
Africa,Central Africa,Men's Footwear,167,27167.9111495,2458.060005111,0.10679425904306221,42,0.569377990430622,0.0904765917256115,0.25149700598802394
Africa,West Africa,Shop By Sport,209,26843.46041152,2534.350003623,0.10663755495633188,50,0.47161572052401746,0.0944121944328523,0.23923444976076555
Pacific Asia,Eastern Asia,Music,102,26586.299377800002,2970.329980216,0.10941176547058823,20,0.5196078431372549,0.11172408532705663,0.19607843137254902
Pacific Asia,Eastern Asia,Sporting Goods,81,26547.75,2433.050018751,0.10333333388888888,15,0.5925925925925926,0.09164806881001215,0.18518518518518517
Africa,Southern Africa,Cardio Equipment,79,26367.38998352,3526.269942455,0.11788888916666666,12,0.5111111111111111,0.13373602562327822,0.1518987341772152
Pacific Asia,South Asia,Sporting Goods,79,25892.25,2945.82000914,0.08835443102531645,13,0.5569620253164557,0.11377226811652134,0.16455696202531644
Africa,Southern Africa,Cleats,129,25735.71070548,2462.579952195,0.10427631621052631,33,0.5460526315789473,0.0956872720701913,0.2558139534883721
USCA,Canada,Cleats,122,25675.72074198,3206.879988181,0.10965517251724138,21,0.46206896551724136,0.12489931715676152,0.1721311475409836
Pacific Asia,Central Asia,Fishing,55,25598.720704,2105.980019868,0.1107812503125,14,0.484375,0.08226895571148304,0.2545454545454545
Pacific Asia,South Asia,Health and Beauty,87,25494.4807395,3825.819977975,0.0977011499770115,17,0.5287356321839081,0.15006463622722258,0.19540229885057472
Pacific Asia,South Asia,Music,96,25022.399414400003,4068.219990164,0.09260416709375001,17,0.5729166666666666,0.16258312893138469,0.17708333333333334
Pacific Asia,Oceania,Crafts,54,24919.920594,1574.2100069589999,0.10462962998148148,14,0.4444444444444444,0.06317074731522317,0.25925925925925924
USCA,Canada,Cardio Equipment,68,24587.54999568,3477.360018586,0.08842105310526316,11,0.47368421052631576,0.14142767454248054,0.16176470588235295
Europe,Western Europe,Golf Gloves,152,24551.410069157002,2726.960013406,0.09792207814285714,26,0.6493506493506493,0.11107142138576293,0.17105263157894737
Pacific Asia,Eastern Asia,Health and Beauty,83,24322.3207055,734.9499927190002,0.09771084375903615,25,0.5662650602409639,0.030217099824393245,0.30120481927710846
USCA,Canada,Camping & Hiking,70,24298.380891,2430.68992741,0.08777777819753087,12,0.5308641975308642,0.10003505741036085,0.17142857142857143
LATAM,Central America,Girls' Apparel,186,24223.51005846,3871.200007909,0.09625668494652406,30,0.6363636363636364,0.15981168701672088,0.16129032258064516
Pacific Asia,Southeast Asia,Children's Clothing,67,23925.7004087,2622.289980783,0.11985074702985074,10,0.5074626865671642,0.10960138829747564,0.14925373134328357
Pacific Asia,Eastern Asia,Women's Clothing,110,23740.200803,3221.360053971,0.10290909121818181,19,0.5818181818181818,0.13569219909731864,0.17272727272727273
Europe,Western Europe,Golf Shoes,112,23632.0,2800.230054671,0.11176991211504424,22,0.584070796460177,0.118493147201718,0.19642857142857142
Pacific Asia,Southeast Asia,Electronics,198,22684.22018125,1632.0100230570001,0.10383495212135922,47,0.5728155339805825,0.07194472677557431,0.23737373737373738
Pacific Asia,Oceania,Health and Beauty,76,22271.040646,246.88998281000016,0.09855263181578948,22,0.4868421052631579,0.011085695847550928,0.2894736842105263
Africa,North Africa,Shop By Sport,172,22184.61038312,2664.5299884300002,0.10262032121390374,35,0.5401069518716578,0.12010713473955839,0.20348837209302326
Pacific Asia,Oceania,Electronics,193,21929.35013438,2765.8899990219998,0.099700000255,35,0.505,0.12612731257757348,0.18134715025906736
Pacific Asia,South Asia,Computers,14,21000.0,943.3900146999998,0.11571428685714287,3,0.5714285714285714,0.044923334033333324,0.21428571428571427
Africa,Southern Africa,Women's Apparel,118,20950.0,2385.5000125819997,0.1078723409716312,21,0.5673758865248227,0.11386634904926013,0.17796610169491525
Europe,Southern Europe,Crafts,45,20766.600495,1538.410001615,0.11355555626666668,12,0.4444444444444444,0.07408097449485798,0.26666666666666666
LATAM,Central America,Golf Shoes,108,20668.0,3380.710078955,0.10462963007407407,20,0.5185185185185185,0.16357219271119605,0.18518518518518517
LATAM,Central America,Accessories,277,20516.78983416,2841.830023459,0.10335714331428572,49,0.5928571428571429,0.13851241088054703,0.17689530685920576
Africa,Southern Africa,Men's Footwear,137,20408.430863499998,3926.340025147,0.09636942739490446,17,0.47770700636942676,0.19238813857900106,0.12408759124087591
USCA,West of USA,Electronics,168,19969.85014405,2198.009990662,0.10219653235260116,31,0.5780346820809249,0.11006642387433714,0.18452380952380953
Europe,Western Europe,Basketball,43,19799.549559,493.619979374,0.0966666668888889,9,0.5555555555555556,0.024930869154526913,0.20930232558139536
Pacific Asia,South Asia,Electronics,151,19294.000049770002,2208.039996594,0.09853503231847134,28,0.6050955414012739,0.1144417949050602,0.18543046357615894
Europe,Western Europe,DVDs,117,19232.4605733,-491.14997592299994,0.09196581245299146,36,0.5299145299145299,-0.025537552725045105,0.3076923076923077
Africa,Southern Africa,Water Sports,85,18999.050522499998,2450.480027173,0.08789473729473683,13,0.5473684210526316,0.12897907841610143,0.15294117647058825
Africa,Southern Africa,Indoor/Outdoor Games,111,18842.45986102,2328.980014579,0.10070312575,25,0.5234375,0.12360275843798056,0.22522522522522523
Europe,Southern Europe,Consumer Electronics,74,18713.1203626,928.579952315,0.08594594610810811,22,0.5945945945945946,0.0496218660662739,0.2972972972972973
LATAM,Central America,Golf Gloves,159,18490.580138207,2249.120021927,0.10343750062500001,21,0.51875,0.12163599006175332,0.1320754716981132
USCA,Canada,Water Sports,82,18399.080506,2268.410000433,0.10510869596739131,16,0.5543478260869565,0.12328931327265318,0.1951219512195122
Europe,Western Europe,Women's Golf Clubs,69,18338.33004828,1934.469963617,0.09072463863768115,10,0.5072463768115942,0.10548779297373585,0.14492753623188406
USCA,Canada,Women's Apparel,100,17500.0,1225.859990372,0.10044642921428572,27,0.48214285714285715,0.07004914230697143,0.27
LATAM,Caribbean,Electronics,141,17211.65022023,2197.879974679,0.10838926226174497,23,0.48322147651006714,0.12769722522571864,0.16312056737588654
USCA,East of USA,Electronics,135,17103.66013379,1738.749973849,0.09628571458571429,26,0.5428571428571428,0.10165952551956553,0.1925925925925926
Europe,Western Europe,Men's Golf Clubs,97,16818.47012464,1497.400050871,0.09061855739175258,12,0.4845360824742268,0.08903307136582092,0.12371134020618557
USCA,Canada,Indoor/Outdoor Games,93,16693.31988074,1791.290016213,0.11311926621100918,19,0.4954128440366973,0.10730579830796327,0.20430107526881722
Pacific Asia,Oceania,Computers,11,16500.0,-2628.8599854,0.09363636372727271,4,0.36363636363636365,-0.15932484759999999,0.36363636363636365
Europe,Western Europe,Girls' Apparel,130,16098.70008014,1408.259992224,0.10546153906923077,27,0.5846153846153846,0.08747662762916403,0.2076923076923077
Europe,Western Europe,Boxing & MMA,68,15921.77001952,1557.929988586,0.12911764808823528,16,0.5441176470588235,0.09784904484086798,0.23529411764705882
USCA,Canada,Men's Footwear,105,15728.790665499999,1224.089984581,0.09677685988429752,25,0.4628099173553719,0.07782479979633498,0.23809523809523808
LATAM,Central America,Baseball & Softball,109,15722.10047108,2798.930004983,0.1044036702293578,17,0.5963302752293578,0.17802519517869056,0.1559633027522936
Pacific Asia,Central Asia,Cleats,65,15117.48042278,2543.740004894,0.09827160612345678,9,0.5432098765432098,0.16826481224086307,0.13846153846153847
LATAM,Central America,Kids' Golf Clubs,63,14883.31003531,2929.709971894,0.08587301663492063,7,0.5079365079365079,0.1968453230459751,0.1111111111111111
Europe,Northern Europe,Strength Training,24,14856.8898912,-3162.149961535,0.10458333424999999,4,0.5,-0.21284064058440638,0.16666666666666666
Pacific Asia,Eastern Asia,Electronics,118,14602.15010535,1592.520005748,0.10363636413223141,23,0.6198347107438017,0.10906065163407172,0.19491525423728814
Pacific Asia,West Asia,Electronics,116,14494.34012305,2978.449988899,0.09745762792372882,11,0.5847457627118644,0.2054905544932289,0.09482758620689655
Pacific Asia,Oceania,DVDs,88,14465.440431199999,2793.850017526,0.09965909088636363,11,0.5454545454545454,0.19313964416182194,0.125
Pacific Asia,Southeast Asia,Consumer Electronics,57,14414.1602793,1331.189982861,0.11877193057894737,10,0.5263157894736842,0.0923529333007838,0.17543859649122806
Africa,Central Africa,Shop By Sport,110,14336.550184220001,716.7300107389999,0.10008620750862068,18,0.6551724137931034,0.049993199307312615,0.16363636363636364
Europe,Northern Europe,Consumer Electronics,56,14161.2802744,1502.130016359,0.11767857175,8,0.42857142857142855,0.10607303769521953,0.14285714285714285
LATAM,Central America,Boxing & MMA,66,13980.260208079999,2907.010005534,0.09328358264179105,10,0.5671641791044776,0.2079367595643085,0.15151515151515152
Europe,Western Europe,Accessories,182,13844.45987898,2230.730009845,0.10279569918817205,27,0.5860215053763441,0.16112799122137733,0.14835164835164835
USCA,US Center,Electronics,117,13594.580105770001,65.37998432500001,0.09377049251639344,27,0.5245901639344263,0.0048092683861012024,0.23076923076923078
Europe,Southern Europe,Kids' Golf Clubs,49,13140.19988181,811.3899583070001,0.1011764705882353,7,0.5882352941176471,0.06174867700682458,0.14285714285714285
Africa,East Africa,Shop By Sport,103,13066.77022774,1684.330020313,0.10886956617391304,19,0.5130434782608696,0.12890178605400623,0.18446601941747573
Europe,Northern Europe,Electronics,115,13060.62014682,876.869985207,0.10112069004310345,22,0.5689655172413793,0.06713846473978499,0.19130434782608696
Europe,Southern Europe,Electronics,98,12805.65006482,1970.289995461,0.10264705909803921,14,0.5686274509803921,0.15386098991364988,0.14285714285714285
LATAM,South America,Girls' Apparel,97,12649.25008364,1275.9299911570001,0.10000000040206186,18,0.4742268041237113,0.10087001068998024,0.18556701030927836
Europe,Northern Europe,Kids' Golf Clubs,51,12599.09979901,1342.589980914,0.10403846261538462,10,0.5384615384615384,0.10656237368795958,0.19607843137254902
Pacific Asia,Southeast Asia,DVDs,76,12492.880372399999,1319.300022472,0.09381579031578947,17,0.47368421052631576,0.10560415077588309,0.2236842105263158
LATAM,South America,Golf Gloves,113,12436.750098224,1025.820002507,0.09605263225438597,23,0.5263157894736842,0.08248296334695104,0.20353982300884957
LATAM,Central America,Golf Balls,230,12343.98986973,1733.799996206,0.09425531948085107,40,0.5787234042553191,0.14045701709927955,0.17391304347826086
LATAM,South America,Golf Shoes,56,12275.0,1781.269994046,0.11732142969642857,12,0.5357142857142857,0.14511364513613034,0.21428571428571427
Pacific Asia,Oceania,Pet Supplies,145,12238.00022185,1232.249985767,0.10600000033103447,27,0.6482758620689655,0.10069046931106548,0.18620689655172415
Pacific Asia,Oceania,Men's Clothing,58,12229.3003538,2301.699995228,0.08793103446551725,8,0.5172413793103449,0.18821191144535057,0.13793103448275862
Europe,Western Europe,Hunting & Shooting,75,12097.86009972,1829.589996467,0.10186666712,14,0.48,0.15123253049597962,0.18666666666666668
Pacific Asia,Southeast Asia,Pet Supplies,141,11900.40021573,794.73998546,0.10248227033333333,34,0.5531914893617021,0.0667826267228819,0.24113475177304963
Europe,Western Europe,Baseball & Softball,76,11828.170345300001,975.4700290870001,0.10013157946052631,15,0.5,0.08247006938605761,0.19736842105263158
Europe,Eastern Europe,Electronics,94,11746.99012288,1132.109999718,0.11183673494897958,19,0.42857142857142855,0.09637447447180124,0.20212765957446807
Pacific Asia,Central Asia,Camping & Hiking,35,11699.220428999999,1250.01001167,0.12512820635897437,6,0.4358974358974359,0.10684558165700325,0.17142857142857143
Europe,Western Europe,Hockey,82,11431.799804,1746.170006097,0.09404761952380952,17,0.5476190476190477,0.1527467272026591,0.2073170731707317
LATAM,Central America,Trade-In,145,11417.91000314,990.909989813,0.10421768770068028,31,0.5034013605442177,0.08678558418664128,0.21379310344827587
Pacific Asia,Southeast Asia,Men's Clothing,54,11385.9003294,97.99997608300008,0.11814814900000001,14,0.5925925925925926,0.008607134547801225,0.25925925925925924
Europe,Northern Europe,Golf Gloves,66,11253.590022462,730.490057126,0.0987878791969697,13,0.5757575757575758,0.06491173533671944,0.19696969696969696
LATAM,South America,Accessories,149,11245.4999031,1710.419996355,0.09560000061333333,25,0.4866666666666667,0.15209817358884112,0.16778523489932887
Pacific Asia,Central Asia,Men's Footwear,76,11179.140473,1472.260012702,0.09523255865116279,14,0.5348837209302325,0.13169706707396878,0.18421052631578946
Pacific Asia,Eastern Asia,Pet Supplies,130,10972.0001989,633.2499894890001,0.09746153868461539,31,0.5461538461538461,0.057715090959667203,0.23846153846153847
Europe,Western Europe,Trade-In,101,10757.34008584,1444.659996512,0.10217821811881189,19,0.6039603960396039,0.13429527977958242,0.18811881188118812
Pacific Asia,Eastern Asia,Men's Clothing,51,10753.3503111,92.649985765,0.10882353019607845,13,0.47058823529411764,0.008615918117106562,0.2549019607843137
LATAM,Central America,Lacrosse,83,10697.54994484,1039.4400056,0.10686747090361445,14,0.5783132530120482,0.09716617458760989,0.1686746987951807
LATAM,Central America,Men's Golf Clubs,64,10669.05012574,972.6599598599998,0.09276923095384616,11,0.49230769230769234,0.09116650014731623,0.171875
USCA,South of  USA,Electronics,94,10654.25010441,529.149995849,0.1181250006875,24,0.6041666666666666,0.04966562551689814,0.2553191489361702
LATAM,Central America,Hunting & Shooting,76,10432.15001256,602.559989719,0.11855263211842104,16,0.5789473684210527,0.05775990462115054,0.21052631578947367
Pacific Asia,Central Asia,Indoor/Outdoor Games,57,10045.9798886,1401.0399936840001,0.10353846147692308,12,0.5692307692307692,0.13946275119203408,0.21052631578947367
Pacific Asia,Central Asia,Women's Apparel,53,10000.0,1272.1000047119999,0.09953846207692307,11,0.5230769230769231,0.12721000047119999,0.20754716981132076
Pacific Asia,Southeast Asia,Video Games,251,9977.25,699.909996155,0.1020318729003984,61,0.5258964143426295,0.0701505922127841,0.24302788844621515
Pacific Asia,Central Asia,Cardio Equipment,36,9919.0199584,1919.549999012,0.1244736852894737,4,0.6842105263157895,0.19352214302043155,0.1111111111111111
Africa,North Africa,Electronics,78,9896.50009275,1399.44999725,0.10139240534177214,14,0.5443037974683544,0.14140857718732425,0.1794871794871795
Europe,Northern Europe,DVDs,59,9698.420289099999,752.47002834,0.12050847491525424,9,0.5084745762711864,0.07758686527389383,0.15254237288135594
Pacific Asia,Oceania,Consumer Electronics,38,9609.4401862,2114.419997229,0.07947368421052632,6,0.47368421052631576,0.22003571032842192,0.15789473684210525
Pacific Asia,Eastern Asia,DVDs,58,9534.040284199998,1297.079989456,0.1075862074137931,7,0.5344827586206896,0.13604725287405664,0.1206896551724138
Pacific Asia,South Asia,Men's Clothing,45,9488.2502745,-486.30998766000005,0.09622222268888889,15,0.6,-0.05125391653790741,0.3333333333333333
USCA,West of USA,Girls' Apparel,71,9179.41005298,1282.989991901,0.09418918962162162,11,0.44594594594594594,0.13976824049651107,0.15492957746478872
LATAM,South America,Boxing & MMA,41,9107.62009426,136.13997694699998,0.10975609741463416,10,0.7073170731707317,0.014947920042558762,0.24390243902439024
Europe,Western Europe,Soccer,49,9064.02987786,416.29998124700006,0.10000000054000001,12,0.64,0.045928796226043296,0.24489795918367346
Europe,Southern Europe,Golf Gloves,51,9038.709992951,1724.459994119,0.10882352956862747,8,0.5882352941176471,0.1907860740596668,0.1568627450980392
LATAM,South America,Baseball & Softball,61,8968.43024412,1500.489991898,0.10540983672131148,11,0.6229508196721312,0.16730798490424464,0.18032786885245902
Africa,West Africa,Electronics,69,8695.84011609,-7.3100113280000585,0.08500000063888889,19,0.5277777777777778,-0.0008406331338215697,0.2753623188405797
Pacific Asia,Southeast Asia,Girls' Apparel,71,8619.66001876,1206.7700046060002,0.11295774684507043,15,0.5492957746478874,0.14000204207353445,0.2112676056338028
Europe,Western Europe,Golf Apparel,88,8598.28006459,1165.3199883300001,0.10193181893181819,10,0.5340909090909091,0.13552942909234802,0.11363636363636363
Europe,Southern Europe,Strength Training,12,8544.9299308,848.2200363100001,0.10250000075,1,0.4166666666666667,0.09926588552266657,0.08333333333333333
LATAM,Central America,Women's Golf Clubs,40,8469.26002498,1386.469994696,0.0882500007,8,0.65,0.16370615503675884,0.2
Europe,Southern Europe,Golf Shoes,34,8302.0,490.369991058,0.09411764729411765,8,0.6176470588235294,0.0590664889253192,0.23529411764705882
Pacific Asia,South Asia,Girls' Apparel,55,8209.67003618,1127.270011649,0.10107142837500001,9,0.42857142857142855,0.13731002667355977,0.16363636363636364
Pacific Asia,Central Asia,Water Sports,40,8199.5902255,825.120008577,0.10756097634146342,8,0.6097560975609756,0.10062941999356868,0.2
Africa,Southern Africa,Shop By Sport,71,8198.01018438,1107.620011186,0.09136986335616439,10,0.4657534246575342,0.13510839658340426,0.14084507042253522
Pacific Asia,Oceania,Girls' Apparel,57,8149.66003018,736.450017344,0.11344827631034483,14,0.603448275862069,0.09036573484252866,0.24561403508771928
Pacific Asia,Eastern Asia,Video Games,205,8148.75,547.499999409,0.10180487872195122,47,0.5365853658536586,0.06718821897947538,0.22926829268292684
Europe,Northern Europe,Golf Shoes,35,8120.0,1429.959999978,0.09171428562857144,10,0.45714285714285713,0.17610344827315272,0.2857142857142857
Pacific Asia,South Asia,Consumer Electronics,32,8092.1601568,1265.349984156,0.0975000004375,6,0.46875,0.1563673925920388,0.1875
Europe,Western Europe,Golf Balls,148,7952.44989377,670.540002577,0.10594771303267975,27,0.5555555555555556,0.08431867053979243,0.18243243243243243
Pacific Asia,Eastern Asia,Children's Clothing,22,7856.200134199999,1397.1699698959999,0.07863636313636364,4,0.5454545454545454,0.17784297065113838,0.18181818181818182
LATAM,Caribbean,Girls' Apparel,62,7839.5900573,1557.759982823,0.11322580727419355,8,0.5161290322580645,0.19870426532985086,0.12903225806451613
LATAM,South America,Kids' Golf Clubs,35,7719.85998492,-23.449986619000022,0.08666666686111112,10,0.4722222222222222,-0.0030376181258218804,0.2857142857142857
Pacific Asia,South Asia,Video Games,194,7711.5,628.869996546,0.09876288707216495,42,0.5515463917525774,0.08154963321610582,0.21649484536082475
Pacific Asia,Southeast Asia,Accessories,103,7671.92992863,955.809998398,0.10850467375700934,21,0.6074766355140186,0.12458533997177446,0.20388349514563106
Europe,Northern Europe,Boxing & MMA,29,7628.50004586,252.07000067999996,0.09241379327586208,6,0.5517241379310345,0.03304319317882141,0.20689655172413793
Pacific Asia,South Asia,DVDs,46,7561.4802254,857.840003078,0.11304347919565218,10,0.5217391304347826,0.11344868696428027,0.21739130434782608
Pacific Asia,Oceania,Accessories,101,7546.9799335200005,680.790006049,0.11259615418269231,22,0.5673076923076923,0.0902069453007637,0.21782178217821782
Pacific Asia,South Asia,Children's Clothing,21,7499.100128099999,1295.09999371,0.07333333376190476,3,0.6190476190476191,0.17270072029804082,0.14285714285714285
Pacific Asia,Oceania,Video Games,188,7473.0,841.240004626,0.10590425580851064,31,0.5638297872340425,0.11257058806717515,0.16489361702127658
USCA,Canada,Shop By Sport,58,7448.22008792,511.13997952299997,0.10145161400000001,11,0.43548387096774194,0.06862578891190386,0.1896551724137931
USCA,West of USA,Accessories,92,7422.02992508,859.709994277,0.10442105355789474,23,0.5263157894736842,0.11583219186060253,0.25
LATAM,South America,Trade-In,102,7384.97998557,914.940016864,0.11019417490291263,13,0.6310679611650486,0.12389201035774798,0.12745098039215685
LATAM,Central America,Soccer,36,7189.17999304,1776.019989077,0.09805555561111111,2,0.4444444444444444,0.2470406904259461,0.05555555555555555
Pacific Asia,Oceania,Children's Clothing,20,7142.0001219999995,932.129972942,0.0895000007,4,0.55,0.1305138556453808,0.2
LATAM,South America,Golf Balls,123,7137.94989375,973.960015508,0.091171875359375,19,0.5234375,0.1364481440757662,0.15447154471544716
Europe,Southern Europe,Boxing & MMA,31,6848.37003312,253.23001342899997,0.10290322629032257,8,0.4838709677419355,0.03697668382466663,0.25806451612903225
Pacific Asia,Eastern Asia,Girls' Apparel,52,6744.7300108399995,838.670002483,0.110576924,13,0.5961538461538461,0.12434448838353881,0.25
Europe,Western Europe,Books,212,6588.959983039999,590.02000928,0.10014150983490566,37,0.5613207547169812,0.08954675863849729,0.17452830188679244
LATAM,South America,Men's Golf Clubs,38,6469.4401326,1264.470007623,0.10450000027499999,10,0.4,0.1954527720646551,0.2631578947368421
Pacific Asia,South Asia,Accessories,80,6447.4199341700005,441.149991916,0.09365853691463415,16,0.6097560975609756,0.06842271736915967,0.2
Pacific Asia,South Asia,Pet Supplies,76,6414.40011628,929.0199978979999,0.09855263217105263,12,0.618421052631579,0.14483349667260553,0.15789473684210525
Europe,Southern Europe,DVDs,39,6410.8201911,126.040003285,0.10384615466666666,12,0.717948717948718,0.019660511374188682,0.3076923076923077
Europe,Western Europe,As Seen on  TV!,21,6399.359993,1093.309989434,0.1104761909047619,2,0.5238095238095238,0.17084677071299745,0.09523809523809523
Europe,Southern Europe,Men's Golf Clubs,37,6369.43007698,565.6899512570001,0.1086486487027027,4,0.35135135135135137,0.08881327597919345,0.10810810810810811
Europe,Northern Europe,Girls' Apparel,55,6329.62004072,-233.25998668400004,0.10400000052727273,15,0.509090909090909,-0.03685213096258247,0.2727272727272727
Europe,Western Europe,Fitness Accessories,36,6324.00002988,1020.940006078,0.11891891997297298,6,0.6756756756756757,0.1614389628801714,0.16666666666666666
USCA,East of USA,Girls' Apparel,59,6284.80002972,-67.880029874,0.10700000081666668,16,0.5666666666666667,-0.01080066661675856,0.2711864406779661
USCA,US Center,Girls' Apparel,49,6159.53003668,427.939993392,0.08734693857142858,12,0.5510204081632653,0.06947607866892724,0.24489795918367346
LATAM,Central America,Golf Apparel,74,6078.48001919,958.779997115,0.08800000042666666,12,0.5466666666666666,0.15773351135285366,0.16216216216216217
LATAM,Central America,Tennis & Racquet,45,6028.6600907,1418.62001152,0.09622222237777778,6,0.6222222222222222,0.23531265491454853,0.13333333333333333
Europe,Western Europe,Lacrosse,38,6023.9399603,983.630004708,0.0902631577631579,6,0.5789473684210527,0.16328682078348833,0.15789473684210525
LATAM,Central America,Hockey,88,5959.0,567.5300064219999,0.09965909119318182,15,0.48863636363636365,0.0952391351605974,0.17045454545454544
Pacific Asia,West Asia,Accessories,81,5922.62996411,394.830007345,0.11097561015853659,19,0.573170731707317,0.06666464218389365,0.2345679012345679
USCA,East of USA,Accessories,78,5922.62996029,735.470011522,0.09935897493589743,15,0.5769230769230769,0.12417963243578838,0.19230769230769232
LATAM,South America,Hunting & Shooting,47,5921.14005282,719.439999328,0.12531914982978726,11,0.44680851063829785,0.12150362817129444,0.23404255319148937
LATAM,Caribbean,Golf Gloves,57,5913.210006223,875.230004646,0.12379310427586207,10,0.5172413793103449,0.14801267056724132,0.17543859649122806
USCA,US Center,Accessories,87,5897.63996442,788.930007154,0.09409090951136365,15,0.5340909090909091,0.13377045935553084,0.1724137931034483
Europe,Northern Europe,Hunting & Shooting,27,5795.51003457,1144.0299931719999,0.11266666736666668,5,0.6333333333333333,0.19739936370533462,0.18518518518518517
Europe,Southern Europe,Accessories,70,5672.729941340001,461.81000306699997,0.10842857274285715,13,0.5,0.0814087763462105,0.18571428571428572
Pacific Asia,West Asia,Girls' Apparel,48,5504.61001948,818.659998143,0.10163265414285715,8,0.4897959183673469,0.14872261527081546,0.16666666666666666
LATAM,Caribbean,Accessories,74,5497.79995266,272.81000431399997,0.11826666733333333,11,0.6266666666666667,0.04962166806051325,0.14864864864864866
LATAM,South America,Women's Golf Clubs,22,5489.50003808,631.86000351,0.12590909077272727,4,0.5454545454545454,0.11510337901937577,0.18181818181818182
Pacific Asia,Oceania,Baseball & Softball,38,5453.82012898,555.509991801,0.10631578997368421,6,0.6052631578947368,0.10185704307503338,0.15789473684210525
Pacific Asia,Southeast Asia,Cameras,12,5424.4801019999995,1450.67999066,0.10833333433333332,1,0.75,0.26743207890561455,0.08333333333333333
LATAM,Central America,As Seen on  TV!,15,5299.47001652,-204.780013018,0.1040000016,3,0.6,-0.03864160234507238,0.2
LATAM,Caribbean,Baseball & Softball,33,5249.00013336,1040.280003214,0.08121212124242423,3,0.5454545454545454,0.19818631678107693,0.09090909090909091
Europe,Southern Europe,Women's Golf Clubs,20,4919.53998578,347.910005816,0.1214999993,5,0.5,0.07072002805580173,0.25
Europe,Southern Europe,Girls' Apparel,39,4914.56001636,804.810005442,0.08461538443589744,5,0.5128205128205128,0.16376033719455677,0.1282051282051282
LATAM,Caribbean,Boxing & MMA,19,4893.53009036,1430.77001117,0.08894737,1,0.42105263157894735,0.2923799352922224,0.05263157894736842
Pacific Asia,Oceania,Golf Balls,94,4806.26993359,262.61999702099996,0.09631579038947369,18,0.5157894736842106,0.05464112516561015,0.19148936170212766
Pacific Asia,Eastern Asia,Consumer Electronics,19,4804.7200931,607.340014013,0.10263157963157894,4,0.6842105263157895,0.12640486901311768,0.21052631578947367
Europe,Northern Europe,Trade-In,47,4766.76003064,294.319994302,0.10877551071428572,11,0.5714285714285714,0.06174424397497595,0.23404255319148937
USCA,East of USA,Baseball & Softball,28,4759.0400997,371.070013992,0.1086206904137931,4,0.6206896551724138,0.07797160902581836,0.14285714285714285
Pacific Asia,Eastern Asia,Accessories,62,4748.09995769,373.929997984,0.09793650849206349,12,0.5714285714285714,0.07875360698301744,0.1935483870967742
Europe,Northern Europe,Men's Golf Clubs,31,4739.58004046,985.010005989,0.11645161416129032,3,0.6129032258064516,0.2078264313674086,0.0967741935483871
USCA,South of  USA,Girls' Apparel,34,4679.69002136,461.730004948,0.08764705944117647,5,0.5882352941176471,0.09866679263807587,0.14705882352941177
Europe,Northern Europe,Women's Golf Clubs,18,4659.56000526,144.78995706,0.11999999955555556,2,0.5555555555555556,0.03107374020219766,0.1111111111111111
Africa,East Africa,Electronics,37,4494.92006654,774.67999101,0.12153846233333333,5,0.5128205128205128,0.17234566567194062,0.13513513513513514
Pacific Asia,Oceania,Golf Gloves,51,4418.430011124,864.439996157,0.09137254880392157,4,0.5490196078431373,0.1956441527829239,0.0784313725490196
USCA,US Center,Baseball & Softball,25,4414.11011472,768.170005853,0.11320000008000002,4,0.52,0.1740260179036624,0.16
LATAM,South America,Tennis & Racquet,29,4364.03007838,873.00998924,0.09655172417241378,2,0.6206896551724138,0.20004673972459777,0.06896551724137931
USCA,East of USA,Golf Shoes,17,4355.0,750.869987227,0.1029411778235294,3,0.6470588235294118,0.17241561130355915,0.17647058823529413
Pacific Asia,South Asia,Golf Shoes,19,4355.0,468.200009604,0.12842105342105262,5,0.7368421052631579,0.10750861299747416,0.2631578947368421
Europe,Northern Europe,Accessories,58,4323.26995006,846.200006871,0.10051724201724138,8,0.5,0.19573147562975013,0.13793103448275862
Europe,Southern Europe,Lacrosse,19,4249.29000472,-437.88001829599983,0.11500000080000002,8,0.3,-0.10304780747127501,0.42105263157894735
LATAM,Central America,Fitness Accessories,42,4233.79008424,696.98000102,0.08952380969047619,6,0.5,0.16462318328309694,0.14285714285714285
Europe,Eastern Europe,Girls' Apparel,32,4169.7400168,432.859984358,0.112187500125,5,0.5625,0.10380982569992252,0.15625
Europe,Southern Europe,Baseball & Softball,30,4164.41013738,955.319997295,0.09433333363333334,5,0.5,0.22940103538793868,0.16666666666666666
Europe,Southern Europe,Hunting & Shooting,26,4157.50000945,373.25999389000003,0.10259259325925926,4,0.7037037037037037,0.08977991414108956,0.15384615384615385
LATAM,Caribbean,Golf Shoes,23,4126.0,-114.91000447499997,0.10782608795652174,7,0.4782608695652174,-0.027850219213523986,0.30434782608695654
LATAM,Caribbean,Trade-In,48,4112.51999632,573.449996481,0.09354166754166666,14,0.625,0.13944005062446854,0.2916666666666667
Europe,Eastern Europe,Accessories,50,4098.35995989,634.630000264,0.1043137262745098,9,0.5882352941176471,0.15484974635586513,0.18
Europe,Northern Europe,Baseball & Softball,24,4014.31011188,642.260004026,0.120833333625,4,0.625,0.15999262292299932,0.16666666666666666
Pacific Asia,South Asia,Golf Balls,74,3978.84996213,90.479995434,0.09701298774025974,20,0.5974025974025974,0.022740238082655243,0.2702702702702703
Pacific Asia,Eastern Asia,Golf Balls,71,3919.77995671,842.2700003790001,0.11824324345945945,8,0.6081081081081081,0.21487685780350407,0.11267605633802817
Europe,Northern Europe,As Seen on  TV!,11,3899.61001592,-48.57000139699991,0.11909090890909092,2,0.5454545454545454,-0.012455091970405976,0.18181818181818182
Africa,Central Africa,Electronics,32,3890.97002374,510.259992031,0.06969697036363635,5,0.7272727272727273,0.1311395330515906,0.15625
USCA,West of USA,Golf Gloves,57,3873.390004574,643.900011598,0.10491228128070175,10,0.47368421052631576,0.16623681344704064,0.17543859649122806
Europe,Western Europe,Tennis & Racquet,27,3869.14004088,500.29000239,0.11678571578571428,7,0.5714285714285714,0.12930263497937738,0.25925925925925924
Pacific Asia,Southeast Asia,Baseball & Softball,27,3844.23010254,282.950007023,0.09464285767857142,7,0.5,0.07360381649268245,0.25925925925925924
USCA,West of USA,Baseball & Softball,29,3819.230114,617.209995591,0.09172413875862069,5,0.4482758620689655,0.16160586745703484,0.1724137931034483
Europe,Southern Europe,Golf Balls,64,3772.85995285,427.350006947,0.09681818254545455,13,0.5303030303030303,0.11326951232954775,0.203125
Pacific Asia,South Asia,Golf Gloves,53,3758.520003745,90.16997608800003,0.09132075507547169,11,0.5660377358490566,0.023990819790277666,0.20754716981132076
Europe,Western Europe,Golf Bags & Carts,22,3739.780121,945.43000031,0.09681818227272726,1,0.5909090909090909,0.2528036327593496,0.045454545454545456
Pacific Asia,South Asia,Baseball & Softball,23,3724.200092,408.589991543,0.1247826105652174,3,0.43478260869565216,0.10971214796452457,0.13043478260869565
Europe,Northern Europe,Basketball,9,3699.899902,1133.80001449,0.0970000002,0,0.7,0.30644072664698807,0.0
LATAM,South America,Lacrosse,29,3699.18002676,480.52998937000007,0.07896551803448276,6,0.5517241379310345,0.12990175819879785,0.20689655172413793
USCA,US Center,Golf Balls,69,3689.85993568,206.73000420099999,0.10913043485507246,13,0.43478260869565216,0.05602651802632773,0.18840579710144928
LATAM,Caribbean,Golf Balls,70,3661.93994132,892.179993128,0.10471428637142857,5,0.5571428571428572,0.2436358890163558,0.07142857142857142
Pacific Asia,Southeast Asia,Golf Balls,68,3629.89994613,127.31001721100002,0.09695652176811594,16,0.5072463768115942,0.03507259679339949,0.23529411764705882
Europe,Southern Europe,Basketball,12,3599.8798824000005,218.25000958999996,0.10916666800000001,2,0.4166666666666667,0.060627025545223215,0.16666666666666666
Europe,Northern Europe,Lacrosse,23,3599.30996493,841.289993353,0.09000000095652173,3,0.6521739130434783,0.23373646658668962,0.13043478260869565
Pacific Asia,Central Asia,Shop By Sport,28,3599.16007574,-5.560007022999976,0.10379310396551725,7,0.5517241379310345,-0.0015448068177008822,0.25
Europe,Southern Europe,Trade-In,33,3565.17003629,446.909992706,0.08941176641176471,5,0.4411764705882353,0.12535446785339446,0.15151515151515152
Africa,North Africa,Accessories,41,3498.5999693100002,703.060001968,0.11682926917073172,7,0.8780487804878049,0.20095466990661945,0.17073170731707318
Pacific Asia,Eastern Asia,Golf Gloves,49,3473.489997323,39.61000480799997,0.11265306232653062,7,0.6326530612244898,0.0114035177410982,0.14285714285714285
Europe,Northern Europe,Golf Apparel,30,3429.55003977,-43.010007246,0.1226666669,11,0.5,-0.01254100588918202,0.36666666666666664
Europe,Southern Europe,Soccer,17,3424.59998332,526.019993968,0.11294117688235294,5,0.5294117647058824,0.15360041947382322,0.29411764705882354
LATAM,South America,Hockey,50,3398.0,491.65999788199997,0.09219999985999999,7,0.54,0.14469099407945848,0.14
USCA,West of USA,Golf Balls,65,3384.02995483,220.32000771100002,0.09447761220895522,11,0.5522388059701493,0.06510580894726979,0.16923076923076924
USCA,South of  USA,Accessories,44,3348.6599611,366.47999504300003,0.10666666682222223,9,0.5777777777777777,0.10944079103290474,0.20454545454545456
Pacific Asia,Oceania,Trade-In,62,3314.1599594100003,5.930005313999994,0.10000000009677419,13,0.5,0.0017892936329650417,0.20967741935483872
Africa,Southern Africa,Electronics,26,3278.19000208,452.15000415199995,0.10000000011538461,5,0.5769230769230769,0.13792672293708186,0.19230769230769232
Europe,Northern Europe,Fitness Accessories,16,3269.55000656,585.209994909,0.14750000075,1,0.375,0.1789879322031592,0.0625
Africa,West Africa,Girls' Apparel,27,3244.9500084,459.44000611399997,0.11259259396296296,6,0.7407407407407407,0.14158615846921407,0.2222222222222222
LATAM,Caribbean,Kids' Golf Clubs,16,3226.45999911,463.31000523,0.105000000875,3,0.5,0.14359700890691388,0.1875
USCA,West of USA,Trade-In,55,3226.1999547,680.96000298,0.10071428610714285,7,0.5535714285714286,0.21107185312180118,0.12727272727272726
Africa,West Africa,Accessories,44,3223.709972,390.990008792,0.08954545495454545,5,0.5227272727272727,0.1212857273724995,0.11363636363636363
USCA,East of USA,Boxing & MMA,19,3133.29006966,646.369989742,0.06789473694736842,1,0.5789473684210527,0.20629114297487913,0.05263157894736842
LATAM,South America,Golf Apparel,34,3109.39002264,452.109997311,0.09794117735294117,5,0.47058823529411764,0.145401507697365,0.14705882352941177
Pacific Asia,West Asia,Golf Balls,63,3102.22996892,369.830000916,0.11000000025000001,9,0.5625,0.11921424414733232,0.14285714285714285
LATAM,South America,Soccer,11,3049.6300506,714.10999487,0.10090909190909092,1,0.7272727272727273,0.2341628273008073,0.09090909090909091
LATAM,Caribbean,Hunting & Shooting,22,3029.39999768,-278.800010001,0.08090909131818182,6,0.45454545454545453,-0.09203142873655275,0.2727272727272727
USCA,West of USA,Tennis & Racquet,18,2969.34004172,527.86000638,0.12222222349999999,2,0.8333333333333334,0.17777014385803902,0.1111111111111111
Pacific Asia,Eastern Asia,Baseball & Softball,23,2934.340084,193.660005317,0.10652173969565217,3,0.5652173913043478,0.06599780522133918,0.13043478260869565
USCA,East of USA,Golf Balls,56,2805.38998787,435.599997041,0.10714285825,9,0.6607142857142857,0.15527252856980875,0.16071428571428573
Pacific Asia,Southeast Asia,Golf Gloves,34,2748.960012131,227.12998324000003,0.10058823488235294,5,0.38235294117647056,0.08262396769603365,0.14705882352941177
USCA,West of USA,Golf Shoes,16,2730.0,742.66999153,0.0812500006875,2,0.75,0.27204028993772894,0.125
Pacific Asia,West Asia,Golf Gloves,39,2708.939990604,-337.310003241,0.11384615402564102,9,0.6666666666666666,-0.1245173405136197,0.23076923076923078
Europe,Southern Europe,As Seen on  TV!,10,2699.7299651,68.21000659599999,0.1380000003,2,0.6,0.025265492281733977,0.2
USCA,US Center,Golf Gloves,35,2688.900018393,558.200007816,0.09342857162857143,6,0.4857142857142857,0.2075941849818588,0.17142857142857143
LATAM,Caribbean,Women's Golf Clubs,12,2669.78002922,583.140004754,0.10416666716666667,2,0.3333333333333333,0.2184224911309901,0.16666666666666666
Pacific Asia,West Asia,Trade-In,49,2660.51996016,287.910000581,0.1026530623877551,5,0.4897959183673469,0.10821568899775723,0.10204081632653061
Africa,North Africa,Baseball & Softball,14,2589.51008216,534.5500059569999,0.13266666593333334,2,0.6666666666666666,0.20642901127888766,0.14285714285714285
Pacific Asia,Oceania,Tennis & Racquet,20,2564.4300496200003,412.189998199,0.10800000005000002,4,0.3,0.16073357051017192,0.2
LATAM,South America,Fitness Accessories,26,2554.27005734,350.689996024,0.08269230834615385,7,0.6923076923076923,0.13729558275024614,0.2692307692307692
Pacific Asia,West Asia,Golf Shoes,13,2535.0,-859.52999117,0.07000000023076923,2,0.3076923076923077,-0.33906508527416174,0.15384615384615385
USCA,US Center,Golf Shoes,14,2535.0,331.019994128,0.0907142852142857,5,0.7142857142857143,0.13057987934043394,0.35714285714285715
Pacific Asia,Eastern Asia,Boxing & MMA,16,2528.62005608,333.140006771,0.09999999970588236,2,0.6470588235294118,0.13174775149393192,0.125
Europe,Southern Europe,Hockey,27,2525.9699706,153.12999189599998,0.098518519,5,0.4444444444444444,0.06062225350193954,0.18518518518518517
Pacific Asia,Southeast Asia,Tennis & Racquet,18,2519.44002882,171.95998323599997,0.09722222272222222,4,0.6666666666666666,0.06825325519517875,0.2222222222222222
Pacific Asia,Southeast Asia,Trade-In,47,2514.5999601500002,275.41999668899996,0.09083333420833334,10,0.5625,0.10952835482927896,0.2127659574468085
USCA,US Center,Tennis & Racquet,17,2474.4500195,-311.81000803999996,0.10470588217647059,7,0.5294117647058824,-0.1260118432713407,0.4117647058823529
Pacific Asia,West Asia,Baseball & Softball,19,2469.43005736,268.570006347,0.08105263152631578,3,0.5263157894736842,0.10875789154122505,0.15789473684210525
Africa,Central Africa,Girls' Apparel,17,2459.8399962,232.129994883,0.10111111133333334,4,0.5555555555555556,0.09436792443475922,0.23529411764705882
USCA,Canada,Electronics,22,2451.37002359,40.82001409600002,0.11090909168181819,5,0.6363636363636364,0.016651918601916994,0.22727272727272727
LATAM,Caribbean,Tennis & Racquet,16,2429.4600292600003,40.73001287100001,0.1075000011875,4,0.625,0.016765047533383842,0.25
USCA,East of USA,Golf Gloves,30,2418.990005102,145.58999783399997,0.09466666713333334,7,0.5666666666666667,0.06018627506807783,0.23333333333333334
Europe,Northern Europe,Hockey,21,2397.9599608,-377.97998617499996,0.0931818190909091,5,0.5,-0.1576256452792896,0.23809523809523808
Pacific Asia,West Asia,Tennis & Racquet,18,2384.47005058,-16.860004792000037,0.078888889,1,0.5555555555555556,-0.007070755528214329,0.05555555555555555
LATAM,Central America,Golf Bags & Carts,14,2379.860077,479.77999207,0.10285714385714285,1,0.7857142857142857,0.20160008426831558,0.07142857142857142
Pacific Asia,Southeast Asia,Hockey,40,2365.0,455.170002028,0.096585366,4,0.7073170731707317,0.19246088880676532,0.1
Europe,Eastern Europe,Golf Balls,46,2355.65996736,417.969999256,0.09021276712765958,7,0.6170212765957447,0.17743222920429433,0.15217391304347827
USCA,South of  USA,Golf Gloves,22,2349.21003115,429.449998517,0.123636365,1,0.5,0.18280613177305946,0.045454545454545456
USCA,South of  USA,Baseball & Softball,18,2319.48004898,488.530002591,0.11666666811111111,1,0.4444444444444444,0.2106204805709939,0.05555555555555555
USCA,West of USA,Boxing & MMA,14,2308.74005124,311.580002795,0.10428571421428572,4,0.7142857142857143,0.134956727860139,0.2857142857142857
Pacific Asia,Eastern Asia,Trade-In,43,2298.6899661,45.039997333,0.11441860546511629,13,0.4186046511627907,0.019593767753472074,0.3023255813953488
Pacific Asia,Southeast Asia,Toys,199,2296.45999204,339.620001226,0.1020603020603015,35,0.5125628140703518,0.14788849028643755,0.17587939698492464
Europe,Southern Europe,Golf Apparel,27,2279.52999911,245.730002398,0.10518518559259259,6,0.5555555555555556,0.1077985385118602,0.2222222222222222
Africa,West Africa,Golf Balls,41,2278.70997041,-32.730005775,0.11000000114634147,10,0.5121951219512195,-0.01436339253350044,0.24390243902439024
Europe,Eastern Europe,Boxing & MMA,11,2253.77005002,-575.50998974,0.10000000190909092,5,0.2727272727272727,-0.25535435158298114,0.45454545454545453
Europe,Northern Europe,Tennis & Racquet,17,2249.50001498,66.44999798399998,0.10470588235294118,7,0.5294117647058824,0.029539896662143735,0.4117647058823529
Pacific Asia,Southeast Asia,Baby,38,2245.04006954,221.549995659,0.1086842112631579,6,0.5789473684210527,0.0986842055359817,0.15789473684210525
Pacific Asia,Eastern Asia,Golf Shoes,11,2210.0,507.780003093,0.09909090945454545,2,0.5454545454545454,0.22976470728190046,0.18181818181818182
Europe,Eastern Europe,Baseball & Softball,16,2209.5400618,162.91000157000002,0.096250000375,5,0.5625,0.07373027734889112,0.3125
LATAM,South America,As Seen on  TV!,10,2199.77997578,-30.56000920599999,0.0829999995,4,0.7,-0.01389230265866203,0.4
Europe,Northern Europe,Soccer,13,2199.76996636,549.8799915120001,0.06214285871428571,2,0.5,0.24997158790284632,0.15384615384615385
Pacific Asia,South Asia,Trade-In,41,2196.80997257,389.369996351,0.1112195126097561,8,0.5121951219512195,0.17724336706988114,0.1951219512195122
Pacific Asia,Eastern Asia,Baby,37,2185.96006771,409.119998109,0.10513513564864865,8,0.5675675675675675,0.1871580383156733,0.21621621621621623
Pacific Asia,Oceania,Hockey,37,2166.0,231.63999858,0.10432432483783784,8,0.5945945945945946,0.10694367432132963,0.21621621621621623
USCA,US Center,Trade-In,35,2112.80995913,427.210003386,0.11142857151428572,5,0.5428571428571428,0.20219991937273615,0.14285714285714285
Pacific Asia,South Asia,Hockey,26,2100.0,-59.12000077199999,0.10730769303846154,6,0.7692307692307693,-0.028152381319999996,0.23076923076923078
Pacific Asia,West Asia,Boxing & MMA,14,2088.8600462199997,590.529996232,0.130714285,1,0.6428571428571429,0.28270443359794395,0.07142857142857142
USCA,South of  USA,Golf Shoes,11,2080.0,309.9599924,0.09000000036363637,1,0.5454545454545454,0.1490192271153846,0.09090909090909091
Africa,North Africa,Girls' Apparel,17,2069.88001246,340.499995452,0.09999999976470589,4,0.47058823529411764,0.16450228680034662,0.23529411764705882
Europe,Western Europe,Baby,35,2067.80006405,443.630000108,0.11857142894285713,4,0.4,0.21454201874774334,0.11428571428571428
USCA,East of USA,Trade-In,38,2058.92997335,367.860003751,0.09078947460526315,5,0.5526315789473685,0.17866562171246173,0.13157894736842105
Pacific Asia,Oceania,Boxing & MMA,11,2033.89004522,51.71999219000003,0.13363636427272726,1,0.5454545454545454,0.02542909943020328,0.09090909090909091
Pacific Asia,South Asia,Boxing & MMA,13,2033.89004518,450.760001658,0.13230769323076924,1,0.46153846153846156,0.22162456752577675,0.07692307692307693
USCA,West of USA,Hockey,28,2015.0,76.35999871,0.09214285710714286,6,0.42857142857142855,0.03789578099751861,0.21428571428571427
Pacific Asia,Oceania,Baby,34,2008.72006222,-32.999997149999984,0.08000000005882353,7,0.7058823529411765,-0.016428370369104096,0.20588235294117646
Africa,North Africa,Golf Balls,36,1976.88997453,137.71999565299998,0.1219444446388889,9,0.4444444444444444,0.06966497752903143,0.25
LATAM,Caribbean,Men's Golf Clubs,13,1969.8300173,232.760001666,0.10923076930769231,3,0.6153846153846154,0.11816248083427965,0.23076923076923078
Africa,Southern Africa,Girls' Apparel,11,1964.93000026,-56.359991690000015,0.10666666675000001,2,0.75,-0.02868295139396439,0.18181818181818182
Pacific Asia,West Asia,Hockey,30,1961.0,366.890006671,0.11433333326666667,5,0.5,0.18709332313666496,0.16666666666666666
Pacific Asia,Southeast Asia,Golf Shoes,11,1950.0,301.290003895,0.1009090930909091,2,0.6363636363636364,0.1545076943051282,0.18181818181818182
Pacific Asia,Oceania,Golf Shoes,9,1950.0,-51.249988550000054,0.10777777744444444,2,0.7777777777777778,-0.026282045410256437,0.2222222222222222
Africa,West Africa,Baseball & Softball,12,1929.57004144,-254.92999415199998,0.08083333266666666,5,0.5,-0.1321175125427169,0.4166666666666667
LATAM,Caribbean,Hockey,29,1929.0,323.36000037400004,0.10931034603448277,5,0.41379310344827586,0.16763089703162262,0.1724137931034483
Pacific Asia,Oceania,Hunting & Shooting,17,1889.3699756800002,460.820002087,0.09999999964705883,1,0.5882352941176471,0.24390141053297248,0.058823529411764705
USCA,US Center,Hockey,31,1852.0,-22.269999690000002,0.1093548394516129,9,0.41935483870967744,-0.012024837845572355,0.2903225806451613
Europe,Southern Europe,Fitness Accessories,7,1829.7999799599997,360.920005377,0.11714285714285715,1,1.0,0.19724560571089844,0.14285714285714285
USCA,South of  USA,Golf Balls,36,1828.93997567,134.87999772700002,0.09583333394444445,10,0.5277777777777778,0.07374763498052422,0.2777777777777778
Africa,West Africa,Golf Gloves,28,1814.190006003,276.420001658,0.10035714321428571,7,0.5,0.15236551890559963,0.25
Africa,North Africa,Boxing & MMA,9,1814.0100403,-168.71999453,0.11222222422222222,3,0.3333333333333333,-0.0930094050097414,0.3333333333333333
USCA,East of USA,Hunting & Shooting,21,1799.3999862,-44.830008315,0.10714285880952382,5,0.5714285714285714,-0.024913864987668854,0.23809523809523808
USCA,West of USA,Fitness Accessories,18,1784.4900281,300.500000016,0.12388889027777777,2,0.3888888888888889,0.16839544927911498,0.1111111111111111
USCA,East of USA,Hockey,25,1770.0,196.58999928699998,0.09192307834615385,5,0.6153846153846154,0.11106779620734462,0.2
LATAM,Caribbean,Golf Apparel,25,1759.37999353,-66.06999133700003,0.10160000112,7,0.48,-0.0375529968397776,0.28
Pacific Asia,West Asia,Fitness Accessories,16,1749.50003408,247.450005177,0.0968750016875,4,0.4375,0.14144041175004904,0.25
Pacific Asia,South Asia,Tennis & Racquet,13,1709.62001014,11.330001743999986,0.10615384615384617,5,0.23076923076923078,0.006627204686889561,0.38461538461538464
Pacific Asia,Southeast Asia,Boxing & MMA,15,1704.0700377399999,20.13999671599999,0.07600000046666668,3,0.4666666666666667,0.011818761124812917,0.2
LATAM,Central America,Strength Training,9,1701.0,141.31999586,0.12555555611111113,2,0.6666666666666666,0.0830805384244562,0.2222222222222222
Europe,Southern Europe,Golf Bags & Carts,10,1699.900055,-102.7000008,0.11200000079999999,3,0.6,-0.060415317064037626,0.3
LATAM,South America,Golf Bags & Carts,10,1699.900055,320.680002211,0.0539999994,1,0.7,0.18864638616121462,0.1
Africa,Central Africa,Accessories,20,1699.31998611,415.610003943,0.11142857138095238,2,0.42857142857142855,0.24457430462781413,0.1
USCA,East of USA,Tennis & Racquet,15,1664.63001614,305.080002126,0.09866666573333334,3,0.4,0.18327195783326664,0.2
Europe,Southern Europe,Baby,28,1654.24005124,271.159998423,0.11142857246428571,3,0.35714285714285715,0.16391816787396815,0.10714285714285714
Africa,East Africa,Accessories,20,1649.33997686,252.989996211,0.0995000011,6,0.55,0.1533886280332817,0.3
Africa,North Africa,Golf Shoes,8,1625.0,-501.47997478,0.10749999800000001,3,0.625,-0.3086030614030769,0.375
Europe,Northern Europe,Books,52,1616.15999584,58.20000012799999,0.09980769271153847,13,0.5961538461538461,0.03601128618317923,0.25
LATAM,Caribbean,Fitness Accessories,17,1609.54003886,100.219999808,0.0905882355882353,3,0.6470588235294118,0.062266235935940745,0.17647058823529413
Europe,Northern Europe,Golf Balls,35,1602.08998674,203.44000148,0.11885714277142857,6,0.4857142857142857,0.12698412895892836,0.17142857142857143
Africa,West Africa,Trade-In,27,1575.0899771,281.809998719,0.10068965506896552,2,0.7241379310344828,0.1789167621000666,0.07407407407407407
Europe,Southern Europe,Tennis & Racquet,14,1574.6500281,322.780006904,0.07642857171428571,4,0.7857142857142857,0.20498523554054227,0.2857142857142857
Pacific Asia,Oceania,Toys,135,1557.8999946,239.149999057,0.09740740768888889,19,0.5703703703703704,0.1535079272648712,0.14074074074074075
LATAM,Caribbean,Soccer,10,1549.83996612,-80.37999722700002,0.0830000005,2,0.3,-0.05186341750382788,0.2
USCA,South of  USA,Hockey,22,1503.0,363.420000529,0.10136363709090909,3,0.5909090909090909,0.2417964075375915,0.13636363636363635
Pacific Asia,Eastern Asia,Hunting & Shooting,13,1499.49998249,-137.15000822099995,0.12230769369230769,4,0.6923076923076923,-0.09146382782429581,0.3076923076923077
Europe,Eastern Europe,Golf Gloves,23,1489.4100188,90.39000379499998,0.11434782617391305,7,0.7391304347826086,0.06068846231330318,0.30434782608695654
Pacific Asia,Eastern Asia,Tennis & Racquet,13,1484.67002854,92.48999624800001,0.11615384623076924,2,0.6153846153846154,0.06229666826301677,0.15384615384615385
Africa,Southern Africa,Accessories,16,1474.4099805,31.460002396999997,0.11125000075,4,0.5,0.021337350406656443,0.25
USCA,US Center,Fitness Accessories,14,1469.58004362,80.950001034,0.12500000035714284,4,0.8571428571428571,0.05508376449818737,0.2857142857142857
Africa,West Africa,Fitness Accessories,11,1469.58000918,-9.249996659000068,0.114166667,1,0.5833333333333334,-0.006294313069869129,0.09090909090909091
Pacific Asia,Central Asia,Electronics,12,1423.66002461,180.569996833,0.10083333374999999,2,0.5833333333333334,0.12683505451553695,0.16666666666666666
Pacific Asia,Eastern Asia,Fitness Accessories,16,1399.60004028,101.75000357799996,0.10625000025,2,0.5625,0.07269934313351702,0.125
Europe,Southern Europe,Books,44,1367.51999648,202.55999624,0.11454545581818182,5,0.5909090909090909,0.14812214575391217,0.11363636363636363
Africa,Central Africa,Golf Shoes,7,1365.0,333.37000561,0.17428571514285715,0,0.42857142857142855,0.24422711033699634,0.0
Africa,West Africa,Golf Shoes,8,1365.0,91.43000100200001,0.0825,1,0.375,0.06698168571575093,0.125
Pacific Asia,Oceania,Fitness Accessories,19,1364.61004248,131.77999724000003,0.07526315863157895,4,0.47368421052631576,0.09656971086077247,0.21052631578947367
Pacific Asia,South Asia,Cameras,3,1356.1200254999999,-156.739999771,0.103333334,2,0.6666666666666666,-0.11557973986351992,0.6666666666666666
Africa,West Africa,Tennis & Racquet,10,1349.70001968,340.860001088,0.10599999950000001,1,0.2,0.2525450071259645,0.1
Africa,North Africa,Tennis & Racquet,10,1349.7000158600001,293.759996184,0.1150000006,1,0.6,0.21764836091879453,0.1
Pacific Asia,South Asia,Hunting & Shooting,15,1349.54999142,155.419997454,0.08866666713333334,3,0.5333333333333333,0.11516431287622526,0.2
USCA,Canada,Girls' Apparel,10,1329.90000528,163.769996639,0.060999999400000005,4,0.4,0.1231445943219765,0.4
Pacific Asia,Eastern Asia,Toys,115,1327.0999954,205.339998149,0.10373913096521739,15,0.591304347826087,0.15472835420145464,0.13043478260869565
USCA,East of USA,Golf Apparel,22,1319.33998105,206.129999226,0.13000000113636365,4,0.45454545454545453,0.15623721117126377,0.18181818181818182
Africa,West Africa,Boxing & MMA,8,1319.2800293999999,-411.429991672,0.09250000075,3,0.5,-0.3118594858584464,0.375
Africa,Central Africa,Baseball & Softball,8,1304.72002014,123.93999958,0.09888888977777778,2,0.6666666666666666,0.09499356004876885,0.25
Pacific Asia,Southeast Asia,Fitness Accessories,16,1294.63003144,382.260003092,0.0900000000625,1,0.625,0.295265824064669,0.0625
Pacific Asia,West Asia,Hunting & Shooting,16,1289.56998617,76.699998874,0.0912499994375,3,0.625,0.05947718983581313,0.1875
Pacific Asia,South Asia,Fitness Accessories,15,1259.6400374,328.74000001,0.08666666666666667,2,0.5333333333333333,0.26097931968607974,0.13333333333333333
Pacific Asia,Oceania,Lacrosse,15,1224.50998865,106.559998041,0.09933333446666667,1,0.8,0.08702256333448162,0.06666666666666667
USCA,US Center,Boxing & MMA,9,1209.34002704,373.13999939999997,0.11444444477777778,0,0.8888888888888888,0.3085484570566174,0.0
USCA,South of  USA,Boxing & MMA,8,1154.37002554,30.480004342,0.088750002,1,0.5,0.0264040157554696,0.125
USCA,Canada,Accessories,14,1149.53999507,325.210000037,0.11071428607142857,0,0.5,0.28290446737975106,0.0
USCA,West of USA,Hunting & Shooting,12,1139.61998746,91.270000754,0.09333333425000001,1,0.75,0.08008810108483949,0.08333333333333333
LATAM,South America,Strength Training,6,1134.0,163.579999215,0.08500000016666666,1,0.6666666666666666,0.14425044022486772,0.16666666666666666
Africa,Southern Africa,Baseball & Softball,7,1124.75001516,72.090002064,0.13000000071428572,1,0.2857142857142857,0.06409424413632475,0.14285714285714285
Europe,Northern Europe,Baby,19,1122.52003477,271.759998579,0.08421052657894737,1,0.5789473684210527,0.242098127571222,0.05263157894736842
USCA,West of USA,Golf Apparel,15,1119.43997955,31.76000547100001,0.11866666686666667,3,0.6666666666666666,0.028371333926957933,0.2
Africa,East Africa,Baseball & Softball,7,1109.79003524,226.120001323,0.09142856957142857,0,0.7142857142857143,0.20375025378030173,0.0
Pacific Asia,Southeast Asia,Hunting & Shooting,15,1109.62999525,262.98999739600004,0.090666667,1,0.6666666666666666,0.2370069289058361,0.06666666666666667
Europe,Eastern Europe,Trade-In,18,1093.40998637,-97.37000410000002,0.09166666788888889,6,0.5555555555555556,-0.08905168721136125,0.3333333333333333
Pacific Asia,Eastern Asia,Hockey,16,1075.0,238.279998418,0.09812500056250001,3,0.5625,0.22165581248186045,0.1875
Pacific Asia,Southeast Asia,Books,34,1056.71999728,-143.710000627,0.12205882455882353,8,0.6176470588235294,-0.13599629135145538,0.23529411764705882
USCA,East of USA,Fitness Accessories,10,1049.70001586,265.739999778,0.09599999960000001,2,0.6,0.253158041119285,0.2
USCA,US Center,Lacrosse,13,1049.57998823,-77.16999819900002,0.07230769253846155,4,0.46153846153846156,-0.0735246470630015,0.3076923076923077
Europe,Eastern Europe,Tennis & Racquet,8,1034.77002326,171.100001336,0.09375000025,2,0.625,0.16535075184818027,0.25
USCA,South of  USA,Trade-In,19,1029.38997644,169.999997743,0.08210526289473685,4,0.631578947368421,0.16514635039571784,0.21052631578947367
Pacific Asia,Eastern Asia,Lacrosse,13,1024.58998854,165.77000332,0.06923076923076923,1,0.46153846153846156,0.1617915509366002,0.07692307692307693
USCA,South of  USA,Hunting & Shooting,8,1019.6599882400001,249.489997798,0.073749999625,1,0.375,0.24467959974445605,0.125
USCA,West of USA,Lacrosse,14,999.59999068,112.170002213,0.10571428521428572,4,0.42857142857142855,0.11221488921452857,0.2857142857142857
USCA,South of  USA,Tennis & Racquet,8,989.78002158,107.580001357,0.107499999375,2,0.625,0.10869081918350756,0.25
Africa,East Africa,Golf Balls,17,987.46998975,124.469998835,0.07117647094117648,3,0.6470588235294118,0.12604939909770052,0.17647058823529413
Africa,North Africa,Golf Gloves,15,984.569997651,73.819998999,0.060000000666666664,3,0.7333333333333333,0.07497689262837658,0.2
Pacific Asia,Southeast Asia,Golf Apparel,15,979.5099887700001,81.869999876,0.053999999933333334,5,0.6666666666666666,0.08358260846201947,0.3333333333333333
Africa,North Africa,Trade-In,19,975.4199809300001,190.05000066899999,0.10684210468421054,2,0.47368421052631576,0.19483915070901003,0.10526315789473684
Africa,West Africa,Hockey,15,963.0,4.60999448900003,0.12866666653333333,3,0.5333333333333333,0.004787117849428899,0.2
USCA,East of USA,Lacrosse,13,949.6199873200001,161.19999809,0.11307692346153846,3,0.9230769230769231,0.16975211162618392,0.23076923076923078
Pacific Asia,South Asia,Baby,16,945.28002928,-59.19000145799999,0.123750000625,5,0.4375,-0.06261636723996357,0.3125
Pacific Asia,South Asia,Toys,80,923.1999968,116.600001924,0.105000000675,13,0.55,0.12629982921161118,0.1625
Pacific Asia,Oceania,Cameras,2,904.080017,418.72000130000004,0.045,0,0.5,0.4631448471667747,0.0
Africa,West Africa,Hunting & Shooting,11,899.699997,15.08000800499999,0.07545454527272727,3,0.6363636363636364,0.016761151556389287,0.2727272727272727
USCA,South of  USA,Fitness Accessories,7,874.7500151200001,161.710000514,0.09285714471428572,0,0.7142857142857143,0.18486424431992296,0.0
Pacific Asia,Oceania,Books,28,870.2399977599999,163.73000097899998,0.06964285660714285,5,0.5,0.18814350225275953,0.17857142857142858
Europe,Eastern Europe,Hockey,13,850.0,217.829999719,0.12846154046153846,2,0.46153846153846156,0.25627058790470586,0.15384615384615385
Pacific Asia,Central Asia,Accessories,10,849.6599959600001,-71.329993262,0.1399999998,1,0.6,-0.08395122001878742,0.1
Africa,Central Africa,Boxing & MMA,6,824.55001822,195.83999351000003,0.03500000033333333,1,0.8333333333333334,0.2375113567188686,0.16666666666666666
Pacific Asia,Oceania,Golf Apparel,16,819.58999441,45.51000021400001,0.080625000125,3,0.375,0.05552776452177334,0.1875
LATAM,Caribbean,Lacrosse,12,799.6799925600001,96.000001078,0.16916666700000002,3,0.6666666666666666,0.12004802167261563,0.25
Africa,North Africa,Hockey,11,786.0,81.100000982,0.10000000272727272,2,0.45454545454545453,0.10318066282697201,0.18181818181818182
Africa,Central Africa,Golf Balls,15,779.5699958600001,50.829998977,0.1300000011875,4,0.5625,0.06520261073019588,0.26666666666666666
Pacific Asia,Southeast Asia,Lacrosse,11,774.68999279,245.870001804,0.135454546,0,0.7272727272727273,0.31737856961145683,0.0
Africa,North Africa,Fitness Accessories,8,769.78002158,-28.610001122000003,0.125000001625,2,0.25,-0.03716646356094951,0.25
USCA,Canada,Boxing & MMA,4,769.5800171999999,141.489999061,0.04999999925,1,0.25,0.18385352516790895,0.25
Europe,Western Europe,CDs,68,767.7199972799999,110.97999964600001,0.09941176519117646,7,0.5441176470588235,0.1445579117897118,0.10294117647058823
Pacific Asia,South Asia,Golf Apparel,14,759.61999509,117.089999691,0.11857142799999999,3,0.5,0.15414286149369613,0.21428571428571427
Africa,West Africa,Golf Apparel,12,759.61999129,64.68999792299999,0.10916666733333334,3,0.5833333333333334,0.08516099979562453,0.25
Africa,West Africa,Lacrosse,10,749.69999493,-29.60999682699999,0.0970000003,2,0.8,-0.03949579435406651,0.2
Africa,North Africa,Lacrosse,10,724.70999711,181.389999388,0.13300000080000002,1,0.6,0.2502932208902146,0.1
Pacific Asia,South Asia,Lacrosse,9,724.70999329,181.689998871,0.10666666566666667,0,0.7777777777777778,0.2507071801868957,0.0
Pacific Asia,West Asia,Lacrosse,8,724.7099913,4.8999977160000014,0.07888888933333332,3,0.6666666666666666,0.006761322149305935,0.375
USCA,US Center,Hunting & Shooting,8,719.7599983,61.889992235,0.10124999925,2,0.75,0.08598698507999594,0.25
USCA,US Center,Golf Apparel,12,719.6399936500001,100.079998844,0.11166666816666666,2,0.5,0.13906953438815453,0.16666666666666666
Pacific Asia,West Asia,Golf Apparel,12,699.64999769,75.92999783,0.08166666733333333,2,0.6666666666666666,0.1085256886739003,0.16666666666666666
Africa,Central Africa,Hockey,10,696.0,184.089997284,0.10799999980000001,0,0.4,0.26449712253448276,0.0
Europe,Eastern Europe,Hunting & Shooting,6,689.76998888,199.140004159,0.07666666600000001,1,0.3333333333333333,0.28870494131289987,0.16666666666666666
Europe,Northern Europe,Golf Bags & Carts,4,679.960022,160.44999886,0.10250000000000001,0,1.0,0.23596975361589714,0.0
Africa,Southern Africa,Boxing & MMA,4,659.64001462,81.35999679,0.10750000150000001,1,1.0,0.12333999603839861,0.25
USCA,Canada,Golf Shoes,3,650.0,165.98999783,0.11666666866666668,1,0.3333333333333333,0.25536922743076923,0.3333333333333333
Africa,Southern Africa,Golf Gloves,7,634.80000296,172.89000033000002,0.08571428628571429,0,0.5714285714285714,0.27235349641435674,0.0
Pacific Asia,Eastern Asia,Books,20,621.5999984,-43.20999950299999,0.10000000065,7,0.45,-0.06951415639353707,0.35
Africa,North Africa,Golf Apparel,10,619.68999098,-97.26000258899998,0.0989999999,3,0.5,-0.15694944892556603,0.3
Africa,East Africa,Boxing & MMA,4,604.67001342,151.900003426,0.09499999725,0,0.5,0.2512114046583144,0.0
Europe,Eastern Europe,Lacrosse,10,599.7599983,186.360001483,0.1030000003,1,0.7,0.31072429306927984,0.1
Pacific Asia,Eastern Asia,Golf Apparel,12,599.70000456,-23.999998096999995,0.08916666641666667,4,0.3333333333333333,-0.040020006527444994,0.3333333333333333
Europe,Eastern Europe,Fitness Accessories,5,594.83000172,105.370001794,0.0760000014,0,0.6,0.17714305177834666,0.0
Africa,Southern Africa,Trade-In,11,583.67999838,23.579999928,0.12545454709090909,2,0.45454545454545453,0.040398848672982,0.18181818181818182
USCA,Canada,Golf Balls,11,573.64998816,-45.860000614,0.11666666691666666,3,0.16666666666666666,-0.07994421957733733,0.2727272727272727
LATAM,Caribbean,Strength Training,3,567.0,-205.42998888999998,0.06333333433333334,1,0.6666666666666666,-0.36231038604938265,0.3333333333333333
Pacific Asia,Oceania,CDs,48,541.9199980799999,32.209999353,0.11145833414583334,10,0.5,0.059436816259076417,0.20833333333333334
Africa,North Africa,Hunting & Shooting,5,509.82999601,-151.83999819000002,0.1400000004,3,0.6,-0.2978247638983991,0.6
Pacific Asia,Central Asia,Girls' Apparel,6,504.9700012,114.399998784,0.10833333266666667,0,0.8333333333333334,0.22654810882258802,0.0
Africa,Southern Africa,Golf Balls,10,499.69999693,102.700003869,0.069,2,0.2,0.20552332299370943,0.2
Africa,Central Africa,Tennis & Racquet,4,494.89001078,158.19000244,0.09749999925,0,0.0,0.31964678816344566,0.0
Pacific Asia,South Asia,Books,15,466.1999988,55.420001297,0.12466666740000001,3,0.6,0.11887602196407385,0.2
Europe,Eastern Europe,Golf Shoes,4,455.0,-55.500000963999994,0.09000000150000001,2,0.5,-0.12197802409670329,0.5
USCA,Canada,Golf Gloves,5,439.82999985,76.33000375,0.0800000008,1,0.8,0.1735443325285489,0.2
Africa,Central Africa,Golf Gloves,7,424.82999990999997,138.850002289,0.10714285842857142,0,0.5714285714285714,0.32683662245701883,0.0
Africa,East Africa,Hunting & Shooting,4,419.86000056,127.61999893000001,0.08500000199999999,0,1.0,0.3039584593907094,0.0
Pacific Asia,Central Asia,Hunting & Shooting,4,419.85999676,18.879999162,0.097500003,1,0.75,0.04496736842684294,0.25
Africa,East Africa,Trade-In,8,401.7599945,78.639999395,0.11500000087500001,1,1.0,0.19573875067593371,0.125
Pacific Asia,Eastern Asia,CDs,35,395.1499986,64.579999626,0.08857142874285714,4,0.4857142857142857,0.163431607882587,0.11428571428571428
Pacific Asia,Central Asia,Golf Gloves,4,394.85999863,100.74999929199998,0.137499999,0,0.75,0.2551537244632543,0.0
Africa,East Africa,Golf Shoes,2,390.0,99.529998065,0.119999997,0,0.0,0.25520512324358974,0.0
Africa,Central Africa,Hunting & Shooting,5,389.86999896,110.170000136,0.06999999999999999,0,0.0,0.2825813743809081,0.0
Africa,East Africa,Golf Gloves,7,389.819997732,52.780001457,0.1575000025,1,0.5,0.13539582823887367,0.14285714285714285
Pacific Asia,Central Asia,Boxing & MMA,2,384.79000859999996,-118.569996786,0.170000002,1,0.5,-0.3081420882454795,0.5
Europe,Southern Europe,CDs,34,383.85999863999996,12.030000998,0.11117647138235295,8,0.5588235294117647,0.0313395535888652,0.23529411764705882
Africa,East Africa,Girls' Apparel,6,375.0,84.53000069000001,0.10833333483333334,1,0.3333333333333333,0.22541333517333337,0.16666666666666666
USCA,Canada,Trade-In,8,373.79999922,82.770000347,0.09499999825000001,0,0.75,0.22142857281892533,0.0
Europe,Northern Europe,CDs,31,349.98999876,70.389999742,0.08612903232258065,1,0.4838709677419355,0.2011200319763103,0.03225806451612903
Pacific Asia,Southeast Asia,CDs,31,349.98999876,43.819999526000004,0.1096774196451613,4,0.4838709677419355,0.1252035763343308,0.12903225806451613
Europe,Eastern Europe,Golf Apparel,6,339.8299961,80.080002778,0.05166666550000001,2,0.6666666666666666,0.23564724626143735,0.3333333333333333
USCA,South of  USA,Golf Apparel,5,339.82999419,57.820000172,0.1280000016,1,0.2,0.17014389889219922,0.2
Africa,Southern Africa,Golf Shoes,2,325.0,4.089999676000001,0.21500000349999998,1,0.0,0.01258461438769231,0.5
USCA,South of  USA,Lacrosse,5,324.86999697,93.03000069,0.1440000004,0,0.4,0.2863607029201617,0.0
USCA,Canada,Tennis & Racquet,3,314.93001174,93.41000174999999,0.09666666633333333,0,0.3333333333333333,0.2966055893939935,0.0
Africa,Southern Africa,Tennis & Racquet,2,314.93000026,25.66999912,0.105000003,0,1.0,0.08151017400313516,0.0
Africa,East Africa,Hockey,4,298.0,54.769998431,0.06999999825,1,1.0,0.18379194104362415,0.25
USCA,Canada,Fitness Accessories,3,279.92000958,35.89999771,0.07666666566666668,1,0.3333333333333333,0.12825091626663412,0.3333333333333333
Pacific Asia,South Asia,CDs,24,270.95999903999996,49.840000746,0.10166666749999999,2,0.5833333333333334,0.18393859212644323,0.08333333333333333
Africa,Central Africa,Trade-In,7,257.84999656,39.419999121,0.07714285857142857,1,0.8571428571428571,0.15287957978245392,0.14285714285714285
Pacific Asia,Central Asia,Tennis & Racquet,1,224.9499969,90.37999725,0.02,0,1.0,0.401778166239219,0.0
Africa,East Africa,Tennis & Racquet,1,224.9499969,52.90999985,0.159999996,0,0.0,0.2352078265354268,0.0
Africa,East Africa,Golf Apparel,4,219.88999938,37.94999909,0.0775000015,0,0.25,0.1725862894947633,0.0
Africa,Central Africa,Fitness Accessories,2,174.95000456,41.630001069,0.105000003,0,0.5,0.23795370096559662,0.0
LATAM,Caribbean,Golf Bags & Carts,1,169.9900055,6.429999828,0.059999999,0,1.0,0.03782575222047393,0.0
USCA,Canada,Hockey,2,169.0,49.52000046,0.1000000015,0,1.0,0.2930177542011834,0.0
Africa,Southern Africa,Hockey,2,150.0,54.680001256000004,0.060000000500000004,0,0.0,0.3645333417066667,0.0
Africa,Southern Africa,Hunting & Shooting,1,149.9499969,58.5,0.170000002,0,1.0,0.39013005141315876,0.0
Africa,East Africa,Fitness Accessories,1,139.9600067,-22.78000069,0.07,1,0.0,-0.16276078593528676,1.0
Africa,Southern Africa,Golf Apparel,2,139.92999649,2.3699989300000013,0.07,1,1.0,0.016937032726713257,0.5
Pacific Asia,Central Asia,Lacrosse,2,124.94999885,-58.41999817,0.079999998,1,1.0,-0.4675470084648184,0.5
USCA,Canada,Lacrosse,1,124.9499969,42.72999954,0.050000001,0,1.0,0.3419767955192322,0.0
Africa,Central Africa,Lacrosse,1,124.9499969,27.61000061,0.150000006,0,1.0,0.2209683977191039,0.0
USCA,Canada,Hunting & Shooting,2,119.95999908,35.77000046,0.0750000015,0,0.5,0.29818273369730003,0.0
Africa,Central Africa,Golf Apparel,2,119.93999862000001,37.659998415000004,0.15000000200000002,0,0.5,0.31399031889533635,0.0
Africa,Southern Africa,Fitness Accessories,2,104.97000503999999,20.290000435,0.200000003,0,0.5,0.193293316764806,0.0
USCA,Canada,Baseball & Softball,1,104.9700012,30.44000053,0.0,0,0.0,0.28998761724316335,0.0
LATAM,Caribbean,As Seen on  TV!,1,99.98999786,-163.1799927,0.039999999,1,0.0,-1.6319631582398357,1.0
Africa,East Africa,Lacrosse,1,99.95999908,30.84000015,0.150000006,0,0.0,0.30852341370389696,0.0
Pacific Asia,Central Asia,Golf Apparel,1,79.95999908,6.539999962,0.07,0,0.0,0.08179089591355207,0.0
USCA,Canada,Golf Apparel,2,79.95999908,-40.77000141,0.1350000015,1,0.5,-0.5098799634703547,0.5
Africa,Southern Africa,Lacrosse,1,49.97999954,-13.64000034,0.090000004,1,1.0,-0.27290917297995637,1.0
Pacific Asia,Central Asia,Trade-In,1,43.97999954,1.580000043,0.100000001,0,0.0,0.03592542199921997,0.0
Pacific Asia,Central Asia,Golf Balls,2,29.97999954,-3.7399997689999998,0.07,1,1.0,-0.12474982743111808,0.5
